state,district,year,time_step,start_date,end_date,Red,NIR,SWIR1,SWIR2,image_count,mean_cloud_cover,quality_flag
Punjab,Mansa,2015,0,2015-10-01,2015-10-06,0.06927732262588902,0.3459605334428327,0.17981440204092428,0.1050095730118347,2,0.005,valid
Punjab,Mansa,2015,1,2015-10-06,2015-10-11,0.07996467762790144,0.29689289940513064,0.18877104096547848,0.11739374362893669,4,0.0,valid
Punjab,Mansa,2015,2,2015-10-11,2015-10-16,,,,,0,,insufficient_data
Punjab,Mansa,2015,3,2015-10-16,2015-10-21,0.11759104792879244,0.2929797123551033,0.2205979463509588,0.14070177443766566,4,0.14,valid
Punjab,Mansa,2015,4,2015-10-21,2015-10-26,0.12491534774181766,0.27429921003264807,0.23843137782063256,0.16279995047171766,3,10.006666666666666,valid
Punjab,Mansa,2015,5,2015-10-26,2015-10-31,,,,,0,,insufficient_data
Punjab,Mansa,2015,6,2015-10-31,2015-11-05,0.23394969592908818,0.295205927065447,0.27254366259164975,0.19897778613899408,4,15.1275,valid
Punjab,Mansa,2015,7,2015-11-05,2015-11-10,,,,,0,,insufficient_data
Punjab,Mansa,2015,8,2015-11-10,2015-11-15,,,,,0,,insufficient_data
Punjab,Mansa,2015,9,2015-11-15,2015-11-20,0.12236912405092265,0.1757323186321183,0.2318719174589628,0.21600088174017543,4,2.5275,valid
Punjab,Mansa,2015,10,2015-11-20,2015-11-25,,,,,0,,insufficient_data
Punjab,Mansa,2015,11,2015-11-25,2015-11-30,0.11719190804923105,0.17207417267054864,0.20920330886449687,0.19397621712668786,4,23.0925,valid
Punjab,Mansa,2015,12,2015-11-30,2015-12-05,0.12106336247195831,0.19009972222475247,0.21384854205947793,0.18918761598024297,4,4.955,valid
Punjab,Mansa,2015,13,2015-12-05,2015-12-10,,,,,0,,insufficient_data
Punjab,Mansa,2015,14,2015-12-10,2015-12-15,0.09594626161069818,0.21555062135379446,0.18609903024255145,0.13954893463255863,2,19.25,valid
Punjab,Mansa,2015,15,2015-12-15,2015-12-20,0.08246718888618008,0.21766239987595573,0.17657099626710282,0.1276023281410046,2,0.0,valid
Punjab,Mansa,2015,16,2015-12-20,2015-12-25,0.06574242450092825,0.22759549159309503,0.15050762438830181,0.10404021984580801,2,11.950000000000001,valid
Punjab,Mansa,2015,17,2015-12-25,2015-12-30,0.06566497899065976,0.23588976972126566,0.1551859041772261,0.10120831631864015,2,11.795000000000002,valid
Punjab,Mansa,2015,18,2015-12-30,2016-01-04,,,,,0,,insufficient_data
Punjab,Mansa,2015,19,2016-01-04,2016-01-09,0.05384044407031771,0.2819644990204354,0.14321502236740621,0.08306322311000126,1,0.43,valid
Punjab,Mansa,2015,20,2016-01-09,2016-01-14,0.048608132270705866,0.29555699831065124,0.133102270582357,0.07555784314743222,2,10.755,valid
Punjab,Mansa,2015,21,2016-01-14,2016-01-19,,,,,0,,insufficient_data
Punjab,Mansa,2015,22,2016-01-19,2016-01-24,,,,,0,,insufficient_data
Punjab,Mansa,2015,23,2016-01-24,2016-01-29,0.0477409073854855,0.32855756656907714,0.12860222611876188,0.07075135704731904,2,13.665,valid
Punjab,Mansa,2015,24,2016-01-29,2016-02-03,0.11096441936900939,0.29044273413290084,0.1300321112666289,0.06695084794686322,1,17.0,valid
Punjab,Mansa,2015,25,2016-02-03,2016-02-08,0.0358044319050044,0.354671279751112,0.13225186595629854,0.06528894063553772,4,0.47250000000000003,valid
Punjab,Mansa,2015,26,2016-02-08,2016-02-13,,,,,0,,insufficient_data
Punjab,Mansa,2015,27,2016-02-13,2016-02-18,0.08295073508321676,0.38644628794855423,0.1760914893661364,0.11144873558575737,3,6.390000000000001,valid
Punjab,Mansa,2015,28,2016-02-18,2016-02-23,0.033198389540746956,0.3667117138980788,0.1286031865402822,0.061545812839739075,4,0.0075,valid
Punjab,Mansa,2015,29,2016-02-23,2016-02-28,,,,,0,,insufficient_data
Punjab,Mansa,2015,30,2016-02-28,2016-03-04,0.042565695713866196,0.348892367505579,0.12411308438535859,0.0662039861977289,4,6.0825,valid
Punjab,Mansa,2015,31,2016-03-04,2016-03-09,0.03866699375481715,0.37317303305540567,0.13275743536283657,0.06484457718197315,2,0.0,valid
Punjab,Mansa,2015,32,2016-03-09,2016-03-14,0.04293011306395635,0.3724855543413963,0.13446559606377373,0.06908127788943133,1,0.81,valid
Punjab,Mansa,2015,33,2016-03-14,2016-03-19,,,,,0,,insufficient_data
Punjab,Mansa,2015,34,2016-03-19,2016-03-24,,,,,0,,insufficient_data
Punjab,Mansa,2015,35,2016-03-24,2016-03-29,0.08404260397352595,0.2959689309204656,0.15033898359200523,0.09263433132342633,1,21.0,valid
Punjab,Mansa,2015,36,2016-03-29,2016-04-03,0.122703737209854,0.2648563175868962,0.19363087446633512,0.13183323506187142,3,8.156666666666666,valid
Punjab,Mansa,2015,37,2016-04-03,2016-04-08,,,,,0,,insufficient_data
Punjab,Mansa,2015,38,2016-04-08,2016-04-13,0.13524747606333848,0.2197633302045554,0.23010919171484895,0.16556531618410977,2,10.5,valid
Punjab,Mansa,2015,39,2016-04-13,2016-04-18,0.19492214520210868,0.2978561824785886,0.32213777375492236,0.2363356659945959,2,17.634999999999998,valid
Punjab,Mansa,2015,40,2016-04-18,2016-04-23,0.2327171553017339,0.32128983564946534,0.37313818267305615,0.2816981265161358,2,11.5,valid
Punjab,Mansa,2015,41,2016-04-23,2016-04-28,0.2138460101270787,0.29836748875430813,0.36024197465725966,0.2856303490969277,4,10.125,valid
Punjab,Mansa,2015,42,2016-04-28,2016-05-03,,,,,0,,insufficient_data
