operational_date,split,season_year,district_id,state_name,district_name,actual_yield_kg_per_ha,predicted_yield_kg_per_ha,error_kg_per_ha,abs_error_kg_per_ha
03-05,train,2017,IND034072,Uttar Pradesh,Sonbhadra,2360.0,3939.423095703125,1579.423095703125,1579.423095703125
03-05,train,2017,IND034056,Uttar Pradesh,Mirzapur,2950.0,3939.423095703125,989.423095703125,989.423095703125
03-05,train,2017,IND034020,Uttar Pradesh,Chandauli,3370.0,3939.423583984375,569.423583984375,569.423583984375
03-05,train,2017,IND034003,Uttar Pradesh,Allahabad,3760.0,3939.4228515625,179.4228515625,179.4228515625
03-05,train,2017,IND034066,Uttar Pradesh,Sant Ravi Das Nagar,3810.0,3939.42333984375,129.42333984375,129.42333984375
03-05,train,2017,IND034075,Uttar Pradesh,Varanasi,3380.0,3939.423828125,559.423828125,559.423828125
03-05,train,2017,IND034045,Uttar Pradesh,Kaushambi,3170.0,3939.422607421875,769.422607421875,769.422607421875
03-05,train,2017,IND034031,Uttar Pradesh,Ghazipur,2970.0,3939.42431640625,969.42431640625,969.42431640625
03-05,train,2017,IND034039,Uttar Pradesh,Jaunpur,3540.0,3939.423583984375,399.423583984375,399.423583984375
03-05,train,2017,IND034012,Uttar Pradesh,Ballia,3620.0,3939.425048828125,319.425048828125,319.425048828125
03-05,train,2017,IND034048,Uttar Pradesh,Lalitpur,2780.0,3939.421875,1159.421875,1159.421875
03-05,train,2017,IND034021,Uttar Pradesh,Chitrakoot,2640.0,3939.422119140625,1299.422119140625,1299.422119140625
03-05,train,2017,IND034051,Uttar Pradesh,Mahoba,1790.0,3939.421630859375,2149.421630859375,2149.421630859375
03-05,train,2017,IND034014,Uttar Pradesh,Banda,2290.0,3939.421875,1649.421875,1649.421875
03-05,train,2017,IND034040,Uttar Pradesh,Jhansi,2630.0,3939.422119140625,1309.422119140625,1309.422119140625
03-05,train,2017,IND034034,Uttar Pradesh,Hamirpur,3130.0,3939.422119140625,809.422119140625,809.422119140625
03-05,train,2017,IND034027,Uttar Pradesh,Fatehpur,3480.0,3939.42236328125,459.42236328125,459.42236328125
03-05,train,2017,IND034038,Uttar Pradesh,Jalaun,3620.0,3939.422119140625,319.422119140625,319.422119140625
03-05,train,2017,IND034061,Uttar Pradesh,Rae Bareli,3360.0,3939.423583984375,579.423583984375,579.423583984375
03-05,train,2017,IND034042,Uttar Pradesh,Kanpur,3850.0,3939.422607421875,89.422607421875,89.422607421875
03-05,train,2017,IND034060,Uttar Pradesh,Pratapgarh,3170.0,3939.42333984375,769.42333984375,769.42333984375
03-05,train,2017,IND034008,Uttar Pradesh,Azamgarh,3440.0,3939.423583984375,499.423583984375,499.423583984375
03-05,train,2017,IND034054,Uttar Pradesh,Maunathbhanjan,3700.0,3939.42431640625,239.42431640625,239.42431640625
03-05,train,2017,IND034073,Uttar Pradesh,Sultanpur,4030.0,3939.423583984375,-90.576416015625,90.576416015625
03-05,train,2017,IND034005,Uttar Pradesh,Amethi,3880.0,3939.423583984375,59.423583984375,59.423583984375
03-05,train,2017,IND034004,Uttar Pradesh,Ambedkar Nagar,4110.0,3939.421875,-170.578125,170.578125
03-05,train,2017,IND034022,Uttar Pradesh,Deoria,3140.0,3939.423828125,799.423828125,799.423828125
03-05,train,2017,IND034025,Uttar Pradesh,Faizabad,3780.0,3939.423095703125,159.423095703125,159.423095703125
03-05,train,2017,IND034033,Uttar Pradesh,Gorakhpur,4240.0,3939.422119140625,-300.577880859375,300.577880859375
03-05,train,2017,IND034065,Uttar Pradesh,Sant Kabir Nagar,3210.0,3939.42041015625,729.42041015625,729.42041015625
03-05,train,2017,IND034043,Uttar Pradesh,Kanpur Dehat,4280.0,3939.422119140625,-340.577880859375,340.577880859375
03-05,train,2017,IND034074,Uttar Pradesh,Unnao,3270.0,3939.42333984375,669.42333984375,669.42333984375
03-05,train,2017,IND034007,Uttar Pradesh,Auraiya,3880.0,3939.422119140625,59.422119140625,59.422119140625
03-05,train,2017,IND034024,Uttar Pradesh,Etawah,3750.0,3939.422119140625,189.422119140625,189.422119140625
03-05,train,2017,IND034049,Uttar Pradesh,Lucknow,3260.0,3939.424072265625,679.424072265625,679.424072265625
03-05,train,2017,IND034041,Uttar Pradesh,Kannauj,4530.0,3939.422607421875,-590.577392578125,590.577392578125
03-05,train,2017,IND034052,Uttar Pradesh,Mainpuri,4420.0,3939.422119140625,-480.577880859375,480.577880859375
03-05,train,2017,IND034036,Uttar Pradesh,Hardoi,3670.0,3939.424072265625,269.424072265625,269.424072265625
03-05,train,2017,IND034026,Uttar Pradesh,Farrukhabad,4500.0,3939.423095703125,-560.576904296875,560.576904296875
03-05,train,2017,IND034071,Uttar Pradesh,Sitapur,3250.0,3939.425048828125,689.425048828125,689.425048828125
03-05,train,2017,IND034017,Uttar Pradesh,Basti,3940.0,3939.421142578125,-0.578857421875,0.578857421875
03-05,train,2017,IND034046,Uttar Pradesh,Kushinagar,3500.0,3939.4228515625,439.4228515625,439.4228515625
03-05,train,2017,IND034015,Uttar Pradesh,Barabanki,4020.0,3939.42431640625,-80.57568359375,80.57568359375
03-05,train,2017,IND034032,Uttar Pradesh,Gonda,3000.0,3939.422607421875,939.422607421875,939.422607421875
03-05,train,2017,IND034050,Uttar Pradesh,Maharajganj,3550.0,3939.421630859375,389.421630859375,389.421630859375
03-05,train,2017,IND034070,Uttar Pradesh,Siddharth Nagar,3980.0,3939.421142578125,-40.578857421875,40.578857421875
03-05,train,2017,IND034013,Uttar Pradesh,Balrampur,3650.0,3939.421875,289.421875,289.421875
03-05,train,2017,IND034069,Uttar Pradesh,Shravasti,3220.0,3939.423095703125,719.423095703125,719.423095703125
03-05,train,2017,IND034011,Uttar Pradesh,Bahraich,3750.0,3939.424560546875,189.424560546875,189.424560546875
03-05,train,2017,IND034023,Uttar Pradesh,Etah,3910.0,3939.422119140625,29.422119140625,29.422119140625
03-05,train,2017,IND034044,Uttar Pradesh,Kasganj,3970.0,3939.422607421875,-30.577392578125,30.577392578125
03-05,train,2017,IND034067,Uttar Pradesh,Shahjahanpur,4000.0,3939.424560546875,-60.575439453125,60.575439453125
03-05,train,2017,IND034009,Uttar Pradesh,Badaun,3690.0,3939.423583984375,249.423583984375,249.423583984375
03-05,train,2017,IND034047,Uttar Pradesh,Lakhimpur Kheri,4110.0,3939.425537109375,-170.574462890625,170.574462890625
03-05,train,2017,IND034064,Uttar Pradesh,Sambhal,3570.0,3939.42431640625,369.42431640625,369.42431640625
03-05,train,2017,IND034016,Uttar Pradesh,Bareilly,3670.0,3939.42431640625,269.42431640625,269.42431640625
03-05,train,2017,IND034059,Uttar Pradesh,Pilibhit,4240.0,3939.425537109375,-300.574462890625,300.574462890625
03-05,train,2017,IND034062,Uttar Pradesh,Rampur,4010.0,3939.423583984375,-70.576416015625,70.576416015625
03-05,train,2017,IND034057,Uttar Pradesh,Moradabad,3700.0,3939.424560546875,239.424560546875,239.424560546875
03-05,train,2017,IND034001,Uttar Pradesh,Agra,4040.0,3939.421875,-100.578125,100.578125
03-05,train,2017,IND034028,Uttar Pradesh,Firozabad,3400.0,3939.421875,539.421875,539.421875
03-05,train,2017,IND034037,Uttar Pradesh,Hathras,3780.0,3939.422119140625,159.422119140625,159.422119140625
03-05,train,2017,IND034053,Uttar Pradesh,Mathura,3520.0,3939.422607421875,419.422607421875,419.422607421875
03-05,train,2017,IND034002,Uttar Pradesh,Aligarh,4300.0,3939.423583984375,-360.576416015625,360.576416015625
03-05,train,2017,IND013014,Haryana,Mewat,4320.0,3939.422607421875,-380.577392578125,380.577392578125
03-05,train,2017,IND013015,Haryana,Palwal,4550.0,3939.423828125,-610.576171875,610.576171875
03-05,train,2017,IND013018,Haryana,Rewari,4900.0,3939.422119140625,-960.577880859375,960.577880859375
03-05,train,2017,IND013004,Haryana,Faridabad,4450.0,3939.424560546875,-510.575439453125,510.575439453125
03-05,train,2017,IND034029,Uttar Pradesh,Gautam Buddha Nagar,3900.0,3939.425537109375,39.425537109375,39.425537109375
03-05,train,2017,IND013006,Haryana,Gurgaon,4910.0,3939.423583984375,-970.576416015625,970.576416015625
03-05,train,2017,IND034019,Uttar Pradesh,Bulandshahr,4540.0,3939.425048828125,-600.574951171875,600.574951171875
03-05,train,2017,IND013008,Haryana,Jhajjar,4650.0,3939.423583984375,-710.576416015625,710.576416015625
03-05,train,2017,IND034035,Uttar Pradesh,Hapur,4150.0,3939.426513671875,-210.573486328125,210.573486328125
03-05,train,2017,IND034006,Uttar Pradesh,Amroha,3710.0,3939.426025390625,229.426025390625,229.426025390625
03-05,train,2017,IND034030,Uttar Pradesh,Ghaziabad,4030.0,3939.427490234375,-90.572509765625,90.572509765625
03-05,train,2017,IND034055,Uttar Pradesh,Meerut,4360.0,3939.427490234375,-420.572509765625,420.572509765625
03-05,train,2017,IND034010,Uttar Pradesh,Baghpat,4430.0,3939.42822265625,-490.57177734375,490.57177734375
03-05,train,2017,IND013021,Haryana,Sonepat,5070.0,3939.426513671875,-1130.573486328125,1130.573486328125
03-05,train,2017,IND013017,Haryana,Panipat,5190.0,3939.427490234375,-1250.572509765625,1250.572509765625
03-05,train,2017,IND013013,Haryana,Mahendragarh,4270.0,3939.421142578125,-330.578857421875,330.578857421875
03-05,train,2017,IND013003,Haryana,Charkhi Dadri,4120.0,3939.422119140625,-180.577880859375,180.577880859375
03-05,train,2017,IND013002,Haryana,Bhiwani,4320.0,3939.422607421875,-380.577392578125,380.577392578125
03-05,train,2017,IND013019,Haryana,Rohtak,4630.0,3939.424560546875,-690.575439453125,690.575439453125
03-05,train,2017,IND013007,Haryana,Hissar,4910.0,3939.42431640625,-970.57568359375,970.57568359375
03-05,train,2017,IND013009,Haryana,Jind,5050.0,3939.426513671875,-1110.573486328125,1110.573486328125
03-05,train,2017,IND013005,Haryana,Fatehabad,5380.0,3939.42529296875,-1440.57470703125,1440.57470703125
03-05,train,2017,IND013020,Haryana,Sirsa,5060.0,3939.425048828125,-1120.574951171875,1120.574951171875
03-05,train,2017,IND013010,Haryana,Kaithal,4830.0,3939.426025390625,-890.573974609375,890.573974609375
03-05,train,2017,IND028013,Punjab,Mansa,5170.0,3939.42529296875,-1230.57470703125,1230.57470703125
03-05,train,2017,IND034018,Uttar Pradesh,Bijnor,3620.0,3939.4267578125,319.4267578125,319.4267578125
03-05,train,2017,IND034058,Uttar Pradesh,Muzaffarnagar,3990.0,3939.42822265625,-50.57177734375,50.57177734375
03-05,train,2017,IND034068,Uttar Pradesh,Shamli,4590.0,3939.427978515625,-650.572021484375,650.572021484375
03-05,train,2017,IND013011,Haryana,Karnal,4920.0,3939.4267578125,-980.5732421875,980.5732421875
03-05,train,2017,IND034063,Uttar Pradesh,Saharanpur,3890.0,3939.4267578125,49.4267578125,49.4267578125
03-05,train,2017,IND013012,Haryana,Kurukshetra,4820.0,3939.42529296875,-880.57470703125,880.57470703125
03-05,train,2017,IND013022,Haryana,Yamuna Nagar,4780.0,3939.425048828125,-840.574951171875,840.574951171875
03-05,train,2017,IND013001,Haryana,Ambala,4650.0,3939.424072265625,-710.575927734375,710.575927734375
03-05,train,2017,IND028015,Punjab,Mohali,4960.0,3939.42431640625,-1020.57568359375,1020.57568359375
03-05,train,2017,IND013016,Haryana,Panchkula,3740.0,3939.423095703125,199.423095703125,199.423095703125
03-05,train,2017,IND028003,Punjab,Bathinda,5300.0,3939.426025390625,-1360.573974609375,1360.573974609375
03-05,train,2017,IND028019,Punjab,Patiala,5270.0,3939.425537109375,-1330.574462890625,1330.574462890625
03-05,train,2017,IND028021,Punjab,Sangrur,5550.0,3939.426025390625,-1610.573974609375,1610.573974609375
03-05,train,2017,IND028016,Punjab,Muktsar,5250.0,3939.426513671875,-1310.573486328125,1310.573486328125
03-05,train,2017,IND028006,Punjab,Fazilka,4800.0,3939.4267578125,-860.5732421875,860.5732421875
03-05,train,2017,IND028002,Punjab,Barnala,5340.0,3939.4267578125,-1400.5732421875,1400.5732421875
03-05,train,2017,IND028004,Punjab,Faridkot,5340.0,3939.4267578125,-1400.5732421875,1400.5732421875
03-05,train,2017,IND028005,Punjab,Fatehgarh Sahib,5340.0,3939.426025390625,-1400.573974609375,1400.573974609375
03-05,train,2017,IND028014,Punjab,Moga,5190.0,3939.42724609375,-1250.57275390625,1250.57275390625
03-05,train,2017,IND028012,Punjab,Ludhiana,5140.0,3939.4267578125,-1200.5732421875,1200.5732421875
03-05,train,2017,IND028007,Punjab,Firozpur,5220.0,3939.427001953125,-1280.572998046875,1280.572998046875
03-05,train,2017,IND028020,Punjab,Rupnagar,4870.0,3939.426025390625,-930.573974609375,930.573974609375
03-05,train,2017,IND028017,Punjab,Nawan Shehar,5000.0,3939.426513671875,-1060.573486328125,1060.573486328125
03-05,train,2017,IND028010,Punjab,Jalandhar,5060.0,3939.4267578125,-1120.5732421875,1120.5732421875
03-05,train,2017,IND028022,Punjab,Tarn Taran,4680.0,3939.4267578125,-740.5732421875,740.5732421875
03-05,train,2017,IND028011,Punjab,Kapurthala,4840.0,3939.426513671875,-900.573486328125,900.573486328125
03-05,train,2017,IND028009,Punjab,Hoshiarpur,4340.0,3939.426025390625,-400.573974609375,400.573974609375
03-05,train,2017,IND028001,Punjab,Amritsar,4870.0,3939.426025390625,-930.573974609375,930.573974609375
03-05,train,2017,IND028008,Punjab,Gurdaspur,4740.0,3939.42529296875,-800.57470703125,800.57470703125
03-05,train,2017,IND028018,Punjab,Pathankot,4020.0,3939.42431640625,-80.57568359375,80.57568359375
03-05,train,2018,IND034072,Uttar Pradesh,Sonbhadra,2700.0,3939.423828125,1239.423828125,1239.423828125
03-05,train,2018,IND034056,Uttar Pradesh,Mirzapur,3150.0,3939.423828125,789.423828125,789.423828125
03-05,train,2018,IND034020,Uttar Pradesh,Chandauli,3750.0,3939.424072265625,189.424072265625,189.424072265625
03-05,train,2018,IND034003,Uttar Pradesh,Allahabad,3550.0,3939.423095703125,389.423095703125,389.423095703125
03-05,train,2018,IND034066,Uttar Pradesh,Sant Ravi Das Nagar,3750.0,3939.423583984375,189.423583984375,189.423583984375
03-05,train,2018,IND034075,Uttar Pradesh,Varanasi,3500.0,3939.424072265625,439.424072265625,439.424072265625
03-05,train,2018,IND034045,Uttar Pradesh,Kaushambi,3490.0,3939.422607421875,449.422607421875,449.422607421875
03-05,train,2018,IND034031,Uttar Pradesh,Ghazipur,3300.0,3939.425048828125,639.425048828125,639.425048828125
03-05,train,2018,IND034039,Uttar Pradesh,Jaunpur,3710.0,3939.42431640625,229.42431640625,229.42431640625
03-05,train,2018,IND034012,Uttar Pradesh,Ballia,3840.0,3939.425537109375,99.425537109375,99.425537109375
03-05,train,2018,IND034048,Uttar Pradesh,Lalitpur,3410.0,3939.423583984375,529.423583984375,529.423583984375
03-05,train,2018,IND034021,Uttar Pradesh,Chitrakoot,2710.0,3939.422607421875,1229.422607421875,1229.422607421875
03-05,train,2018,IND034051,Uttar Pradesh,Mahoba,2820.0,3939.422607421875,1119.422607421875,1119.422607421875
03-05,train,2018,IND034014,Uttar Pradesh,Banda,3060.0,3939.42236328125,879.42236328125,879.42236328125
03-05,train,2018,IND034040,Uttar Pradesh,Jhansi,3260.0,3939.423095703125,679.423095703125,679.423095703125
03-05,train,2018,IND034034,Uttar Pradesh,Hamirpur,3210.0,3939.422607421875,729.422607421875,729.422607421875
03-05,train,2018,IND034027,Uttar Pradesh,Fatehpur,3990.0,3939.422607421875,-50.577392578125,50.577392578125
03-05,train,2018,IND034038,Uttar Pradesh,Jalaun,3710.0,3939.422607421875,229.422607421875,229.422607421875
03-05,train,2018,IND034061,Uttar Pradesh,Rae Bareli,3450.0,3939.423583984375,489.423583984375,489.423583984375
03-05,train,2018,IND034042,Uttar Pradesh,Kanpur,4170.0,3939.422607421875,-230.577392578125,230.577392578125
03-05,train,2018,IND034060,Uttar Pradesh,Pratapgarh,3420.0,3939.423583984375,519.423583984375,519.423583984375
03-05,train,2018,IND034008,Uttar Pradesh,Azamgarh,3690.0,3939.425048828125,249.425048828125,249.425048828125
03-05,train,2018,IND034054,Uttar Pradesh,Maunathbhanjan,3850.0,3939.42529296875,89.42529296875,89.42529296875
03-05,train,2018,IND034073,Uttar Pradesh,Sultanpur,4170.0,3939.424560546875,-230.575439453125,230.575439453125
03-05,train,2018,IND034005,Uttar Pradesh,Amethi,3540.0,3939.42431640625,399.42431640625,399.42431640625
03-05,train,2018,IND034004,Uttar Pradesh,Ambedkar Nagar,4100.0,3939.424560546875,-160.575439453125,160.575439453125
03-05,train,2018,IND034022,Uttar Pradesh,Deoria,3330.0,3939.425048828125,609.425048828125,609.425048828125
03-05,train,2018,IND034025,Uttar Pradesh,Faizabad,3890.0,3939.425048828125,49.425048828125,49.425048828125
03-05,train,2018,IND034033,Uttar Pradesh,Gorakhpur,4020.0,3939.42431640625,-80.57568359375,80.57568359375
03-05,train,2018,IND034065,Uttar Pradesh,Sant Kabir Nagar,3360.0,3939.42431640625,579.42431640625,579.42431640625
03-05,train,2018,IND034043,Uttar Pradesh,Kanpur Dehat,4430.0,3939.422607421875,-490.577392578125,490.577392578125
03-05,train,2018,IND034074,Uttar Pradesh,Unnao,3870.0,3939.423095703125,69.423095703125,69.423095703125
03-05,train,2018,IND034007,Uttar Pradesh,Auraiya,4140.0,3939.42236328125,-200.57763671875,200.57763671875
03-05,train,2018,IND034024,Uttar Pradesh,Etawah,4370.0,3939.422119140625,-430.577880859375,430.577880859375
03-05,train,2018,IND034049,Uttar Pradesh,Lucknow,3600.0,3939.42431640625,339.42431640625,339.42431640625
03-05,train,2018,IND034041,Uttar Pradesh,Kannauj,4600.0,3939.422607421875,-660.577392578125,660.577392578125
03-05,train,2018,IND034052,Uttar Pradesh,Mainpuri,4440.0,3939.421875,-500.578125,500.578125
03-05,train,2018,IND034036,Uttar Pradesh,Hardoi,3720.0,3939.423828125,219.423828125,219.423828125
03-05,train,2018,IND034026,Uttar Pradesh,Farrukhabad,4280.0,3939.422607421875,-340.577392578125,340.577392578125
03-05,train,2018,IND034071,Uttar Pradesh,Sitapur,3480.0,3939.425537109375,459.425537109375,459.425537109375
03-05,train,2018,IND034017,Uttar Pradesh,Basti,3760.0,3939.424560546875,179.424560546875,179.424560546875
03-05,train,2018,IND034046,Uttar Pradesh,Kushinagar,3190.0,3939.42431640625,749.42431640625,749.42431640625
03-05,train,2018,IND034015,Uttar Pradesh,Barabanki,3950.0,3939.425048828125,-10.574951171875,10.574951171875
03-05,train,2018,IND034032,Uttar Pradesh,Gonda,3150.0,3939.424560546875,789.424560546875,789.424560546875
03-05,train,2018,IND034050,Uttar Pradesh,Maharajganj,4130.0,3939.423828125,-190.576171875,190.576171875
03-05,train,2018,IND034070,Uttar Pradesh,Siddharth Nagar,4380.0,3939.424072265625,-440.575927734375,440.575927734375
03-05,train,2018,IND034013,Uttar Pradesh,Balrampur,3500.0,3939.423828125,439.423828125,439.423828125
03-05,train,2018,IND034069,Uttar Pradesh,Shravasti,3420.0,3939.42431640625,519.42431640625,519.42431640625
03-05,train,2018,IND034011,Uttar Pradesh,Bahraich,3790.0,3939.425537109375,149.425537109375,149.425537109375
03-05,train,2018,IND034023,Uttar Pradesh,Etah,3840.0,3939.421875,99.421875,99.421875
03-05,train,2018,IND034044,Uttar Pradesh,Kasganj,4260.0,3939.422119140625,-320.577880859375,320.577880859375
03-05,train,2018,IND034067,Uttar Pradesh,Shahjahanpur,4470.0,3939.425048828125,-530.574951171875,530.574951171875
03-05,train,2018,IND034009,Uttar Pradesh,Badaun,3890.0,3939.423583984375,49.423583984375,49.423583984375
03-05,train,2018,IND034047,Uttar Pradesh,Lakhimpur Kheri,4250.0,3939.42578125,-310.57421875,310.57421875
03-05,train,2018,IND034064,Uttar Pradesh,Sambhal,4030.0,3939.424072265625,-90.575927734375,90.575927734375
03-05,train,2018,IND034016,Uttar Pradesh,Bareilly,3910.0,3939.425048828125,29.425048828125,29.425048828125
03-05,train,2018,IND034059,Uttar Pradesh,Pilibhit,4440.0,3939.426025390625,-500.573974609375,500.573974609375
03-05,train,2018,IND034062,Uttar Pradesh,Rampur,4300.0,3939.42431640625,-360.57568359375,360.57568359375
03-05,train,2018,IND034057,Uttar Pradesh,Moradabad,4000.0,3939.42431640625,-60.57568359375,60.57568359375
03-05,train,2018,IND034001,Uttar Pradesh,Agra,4370.0,3939.421875,-430.578125,430.578125
03-05,train,2018,IND034028,Uttar Pradesh,Firozabad,3770.0,3939.421630859375,169.421630859375,169.421630859375
03-05,train,2018,IND034037,Uttar Pradesh,Hathras,4140.0,3939.422119140625,-200.577880859375,200.577880859375
03-05,train,2018,IND034053,Uttar Pradesh,Mathura,4170.0,3939.422607421875,-230.577392578125,230.577392578125
03-05,train,2018,IND034002,Uttar Pradesh,Aligarh,4270.0,3939.42333984375,-330.57666015625,330.57666015625
03-05,train,2018,IND013014,Haryana,Mewat,4540.0,3939.423095703125,-600.576904296875,600.576904296875
03-05,train,2018,IND013015,Haryana,Palwal,4230.0,3939.424072265625,-290.575927734375,290.575927734375
03-05,train,2018,IND013018,Haryana,Rewari,4950.0,3939.422119140625,-1010.577880859375,1010.577880859375
03-05,train,2018,IND013004,Haryana,Faridabad,5140.0,3939.425048828125,-1200.574951171875,1200.574951171875
03-05,train,2018,IND034029,Uttar Pradesh,Gautam Buddha Nagar,4140.0,3939.425537109375,-200.574462890625,200.574462890625
03-05,train,2018,IND013006,Haryana,Gurgaon,4950.0,3939.423583984375,-1010.576416015625,1010.576416015625
03-05,train,2018,IND034019,Uttar Pradesh,Bulandshahr,4530.0,3939.425048828125,-590.574951171875,590.574951171875
03-05,train,2018,IND013008,Haryana,Jhajjar,4760.0,3939.423095703125,-820.576904296875,820.576904296875
03-05,train,2018,IND034035,Uttar Pradesh,Hapur,4220.0,3939.426025390625,-280.573974609375,280.573974609375
03-05,train,2018,IND034006,Uttar Pradesh,Amroha,3810.0,3939.426025390625,129.426025390625,129.426025390625
03-05,train,2018,IND034030,Uttar Pradesh,Ghaziabad,4250.0,3939.4267578125,-310.5732421875,310.5732421875
03-05,train,2018,IND034055,Uttar Pradesh,Meerut,4660.0,3939.4267578125,-720.5732421875,720.5732421875
03-05,train,2018,IND034010,Uttar Pradesh,Baghpat,4560.0,3939.426513671875,-620.573486328125,620.573486328125
03-05,train,2018,IND013021,Haryana,Sonepat,4480.0,3939.425048828125,-540.574951171875,540.574951171875
03-05,train,2018,IND013017,Haryana,Panipat,5220.0,3939.425537109375,-1280.574462890625,1280.574462890625
03-05,train,2018,IND013013,Haryana,Mahendragarh,4740.0,3939.421142578125,-800.578857421875,800.578857421875
03-05,train,2018,IND013003,Haryana,Charkhi Dadri,5000.0,3939.421875,-1060.578125,1060.578125
03-05,train,2018,IND013002,Haryana,Bhiwani,4420.0,3939.421875,-480.578125,480.578125
03-05,train,2018,IND013019,Haryana,Rohtak,4570.0,3939.42333984375,-630.57666015625,630.57666015625
03-05,train,2018,IND013007,Haryana,Hissar,4960.0,3939.42333984375,-1020.57666015625,1020.57666015625
03-05,train,2018,IND013009,Haryana,Jind,5240.0,3939.424560546875,-1300.575439453125,1300.575439453125
03-05,train,2018,IND013005,Haryana,Fatehabad,5380.0,3939.424560546875,-1440.575439453125,1440.575439453125
03-05,train,2018,IND013020,Haryana,Sirsa,5060.0,3939.4248046875,-1120.5751953125,1120.5751953125
03-05,train,2018,IND013010,Haryana,Kaithal,4920.0,3939.424072265625,-980.575927734375,980.575927734375
03-05,train,2018,IND028013,Punjab,Mansa,5450.0,3939.425048828125,-1510.574951171875,1510.574951171875
03-05,train,2018,IND034018,Uttar Pradesh,Bijnor,3750.0,3939.426025390625,189.426025390625,189.426025390625
03-05,train,2018,IND034058,Uttar Pradesh,Muzaffarnagar,4250.0,3939.426513671875,-310.573486328125,310.573486328125
03-05,train,2018,IND034068,Uttar Pradesh,Shamli,4570.0,3939.426025390625,-630.573974609375,630.573974609375
03-05,train,2018,IND013011,Haryana,Karnal,5640.0,3939.424560546875,-1700.575439453125,1700.575439453125
03-05,train,2018,IND034063,Uttar Pradesh,Saharanpur,4220.0,3939.425048828125,-280.574951171875,280.574951171875
03-05,train,2018,IND013012,Haryana,Kurukshetra,4960.0,3939.42333984375,-1020.57666015625,1020.57666015625
03-05,train,2018,IND013022,Haryana,Yamuna Nagar,4300.0,3939.423095703125,-360.576904296875,360.576904296875
03-05,train,2018,IND013001,Haryana,Ambala,4750.0,3939.422119140625,-810.577880859375,810.577880859375
03-05,train,2018,IND028015,Punjab,Mohali,4640.0,3939.422119140625,-700.577880859375,700.577880859375
03-05,train,2018,IND013016,Haryana,Panchkula,3940.0,3939.421142578125,-0.578857421875,0.578857421875
03-05,train,2018,IND028003,Punjab,Bathinda,5600.0,3939.425537109375,-1660.574462890625,1660.574462890625
03-05,train,2018,IND028019,Punjab,Patiala,5470.0,3939.423583984375,-1530.576416015625,1530.576416015625
03-05,train,2018,IND028021,Punjab,Sangrur,5800.0,3939.425048828125,-1860.574951171875,1860.574951171875
03-05,train,2018,IND028016,Punjab,Muktsar,5570.0,3939.425537109375,-1630.574462890625,1630.574462890625
03-05,train,2018,IND028006,Punjab,Fazilka,5060.0,3939.425537109375,-1120.574462890625,1120.574462890625
03-05,train,2018,IND028002,Punjab,Barnala,5570.0,3939.425537109375,-1630.574462890625,1630.574462890625
03-05,train,2018,IND028004,Punjab,Faridkot,5340.0,3939.425537109375,-1400.574462890625,1400.574462890625
03-05,train,2018,IND028005,Punjab,Fatehgarh Sahib,5180.0,3939.423828125,-1240.576171875,1240.576171875
03-05,train,2018,IND028014,Punjab,Moga,5380.0,3939.42578125,-1440.57421875,1440.57421875
03-05,train,2018,IND028012,Punjab,Ludhiana,5130.0,3939.425048828125,-1190.574951171875,1190.574951171875
03-05,train,2018,IND028007,Punjab,Firozpur,5400.0,3939.426025390625,-1460.573974609375,1460.573974609375
03-05,train,2018,IND028020,Punjab,Rupnagar,4570.0,3939.424072265625,-630.575927734375,630.575927734375
03-05,train,2018,IND028017,Punjab,Nawan Shehar,5000.0,3939.424560546875,-1060.575439453125,1060.575439453125
03-05,train,2018,IND028010,Punjab,Jalandhar,4970.0,3939.425537109375,-1030.574462890625,1030.574462890625
03-05,train,2018,IND028022,Punjab,Tarn Taran,4900.0,3939.426025390625,-960.573974609375,960.573974609375
03-05,train,2018,IND028011,Punjab,Kapurthala,4730.0,3939.425048828125,-790.574951171875,790.574951171875
03-05,train,2018,IND028009,Punjab,Hoshiarpur,4240.0,3939.42431640625,-300.57568359375,300.57568359375
03-05,train,2018,IND028001,Punjab,Amritsar,4810.0,3939.425537109375,-870.574462890625,870.574462890625
03-05,train,2018,IND028008,Punjab,Gurdaspur,4720.0,3939.4248046875,-780.5751953125,780.5751953125
03-05,train,2018,IND028018,Punjab,Pathankot,3980.0,3939.425048828125,-40.574951171875,40.574951171875
03-05,train,2019,IND034072,Uttar Pradesh,Sonbhadra,2390.0,3939.42431640625,1549.42431640625,1549.42431640625
03-05,train,2019,IND034056,Uttar Pradesh,Mirzapur,2420.0,3939.423583984375,1519.423583984375,1519.423583984375
03-05,train,2019,IND034020,Uttar Pradesh,Chandauli,3410.0,3939.424560546875,529.424560546875,529.424560546875
03-05,train,2019,IND034003,Uttar Pradesh,Allahabad,2820.0,3939.422119140625,1119.422119140625,1119.422119140625
03-05,train,2019,IND034066,Uttar Pradesh,Sant Ravi Das Nagar,2750.0,3939.423095703125,1189.423095703125,1189.423095703125
03-05,train,2019,IND034075,Uttar Pradesh,Varanasi,3300.0,3939.423828125,639.423828125,639.423828125
03-05,train,2019,IND034045,Uttar Pradesh,Kaushambi,3120.0,3939.421630859375,819.421630859375,819.421630859375
03-05,train,2019,IND034031,Uttar Pradesh,Ghazipur,3450.0,3939.42431640625,489.42431640625,489.42431640625
03-05,train,2019,IND034039,Uttar Pradesh,Jaunpur,3590.0,3939.422607421875,349.422607421875,349.422607421875
03-05,train,2019,IND034012,Uttar Pradesh,Ballia,3810.0,3939.425048828125,129.425048828125,129.425048828125
03-05,train,2019,IND034048,Uttar Pradesh,Lalitpur,3200.0,3939.42431640625,739.42431640625,739.42431640625
03-05,train,2019,IND034021,Uttar Pradesh,Chitrakoot,2650.0,3939.42236328125,1289.42236328125,1289.42236328125
03-05,train,2019,IND034051,Uttar Pradesh,Mahoba,2880.0,3939.423828125,1059.423828125,1059.423828125
03-05,train,2019,IND034014,Uttar Pradesh,Banda,2850.0,3939.42333984375,1089.42333984375,1089.42333984375
03-05,train,2019,IND034040,Uttar Pradesh,Jhansi,3420.0,3939.423583984375,519.423583984375,519.423583984375
03-05,train,2019,IND034034,Uttar Pradesh,Hamirpur,3270.0,3939.422607421875,669.422607421875,669.422607421875
03-05,train,2019,IND034027,Uttar Pradesh,Fatehpur,3960.0,3939.422119140625,-20.577880859375,20.577880859375
03-05,train,2019,IND034038,Uttar Pradesh,Jalaun,3730.0,3939.421630859375,209.421630859375,209.421630859375
03-05,train,2019,IND034061,Uttar Pradesh,Rae Bareli,3360.0,3939.421875,579.421875,579.421875
03-05,train,2019,IND034042,Uttar Pradesh,Kanpur,4070.0,3939.421630859375,-130.578369140625,130.578369140625
03-05,train,2019,IND034060,Uttar Pradesh,Pratapgarh,3430.0,3939.421630859375,509.421630859375,509.421630859375
03-05,train,2019,IND034008,Uttar Pradesh,Azamgarh,3450.0,3939.42333984375,489.42333984375,489.42333984375
03-05,train,2019,IND034054,Uttar Pradesh,Maunathbhanjan,3460.0,3939.424560546875,479.424560546875,479.424560546875
03-05,train,2019,IND034073,Uttar Pradesh,Sultanpur,3970.0,3939.422119140625,-30.577880859375,30.577880859375
03-05,train,2019,IND034005,Uttar Pradesh,Amethi,3090.0,3939.421875,849.421875,849.421875
03-05,train,2019,IND034004,Uttar Pradesh,Ambedkar Nagar,3920.0,3939.423095703125,19.423095703125,19.423095703125
03-05,train,2019,IND034022,Uttar Pradesh,Deoria,3360.0,3939.424560546875,579.424560546875,579.424560546875
03-05,train,2019,IND034025,Uttar Pradesh,Faizabad,3710.0,3939.423095703125,229.423095703125,229.423095703125
03-05,train,2019,IND034033,Uttar Pradesh,Gorakhpur,3700.0,3939.423583984375,239.423583984375,239.423583984375
03-05,train,2019,IND034065,Uttar Pradesh,Sant Kabir Nagar,3910.0,3939.423583984375,29.423583984375,29.423583984375
03-05,train,2019,IND034043,Uttar Pradesh,Kanpur Dehat,4250.0,3939.421142578125,-310.578857421875,310.578857421875
03-05,train,2019,IND034074,Uttar Pradesh,Unnao,3310.0,3939.421875,629.421875,629.421875
03-05,train,2019,IND034007,Uttar Pradesh,Auraiya,3880.0,3939.420654296875,59.420654296875,59.420654296875
03-05,train,2019,IND034024,Uttar Pradesh,Etawah,4110.0,3939.420166015625,-170.579833984375,170.579833984375
03-05,train,2019,IND034049,Uttar Pradesh,Lucknow,3100.0,3939.422607421875,839.422607421875,839.422607421875
03-05,train,2019,IND034041,Uttar Pradesh,Kannauj,4450.0,3939.420654296875,-510.579345703125,510.579345703125
03-05,train,2019,IND034052,Uttar Pradesh,Mainpuri,4230.0,3939.419677734375,-290.580322265625,290.580322265625
03-05,train,2019,IND034036,Uttar Pradesh,Hardoi,3570.0,3939.422119140625,369.422119140625,369.422119140625
03-05,train,2019,IND034026,Uttar Pradesh,Farrukhabad,4210.0,3939.4208984375,-270.5791015625,270.5791015625
03-05,train,2019,IND034071,Uttar Pradesh,Sitapur,3360.0,3939.424072265625,579.424072265625,579.424072265625
03-05,train,2019,IND034017,Uttar Pradesh,Basti,3070.0,3939.423583984375,869.423583984375,869.423583984375
03-05,train,2019,IND034046,Uttar Pradesh,Kushinagar,3700.0,3939.423583984375,239.423583984375,239.423583984375
03-05,train,2019,IND034015,Uttar Pradesh,Barabanki,4040.0,3939.42333984375,-100.57666015625,100.57666015625
03-05,train,2019,IND034032,Uttar Pradesh,Gonda,3280.0,3939.423828125,659.423828125,659.423828125
03-05,train,2019,IND034050,Uttar Pradesh,Maharajganj,4030.0,3939.4228515625,-90.5771484375,90.5771484375
03-05,train,2019,IND034070,Uttar Pradesh,Siddharth Nagar,4050.0,3939.423583984375,-110.576416015625,110.576416015625
03-05,train,2019,IND034013,Uttar Pradesh,Balrampur,3680.0,3939.423583984375,259.423583984375,259.423583984375
03-05,train,2019,IND034069,Uttar Pradesh,Shravasti,3320.0,3939.42431640625,619.42431640625,619.42431640625
03-05,train,2019,IND034011,Uttar Pradesh,Bahraich,3060.0,3939.425048828125,879.425048828125,879.425048828125
03-05,train,2019,IND034023,Uttar Pradesh,Etah,4150.0,3939.419921875,-210.580078125,210.580078125
03-05,train,2019,IND034044,Uttar Pradesh,Kasganj,3920.0,3939.420654296875,19.420654296875,19.420654296875
03-05,train,2019,IND034067,Uttar Pradesh,Shahjahanpur,4350.0,3939.422607421875,-410.577392578125,410.577392578125
03-05,train,2019,IND034009,Uttar Pradesh,Badaun,4080.0,3939.422119140625,-140.577880859375,140.577880859375
03-05,train,2019,IND034047,Uttar Pradesh,Lakhimpur Kheri,4230.0,3939.424072265625,-290.575927734375,290.575927734375
03-05,train,2019,IND034064,Uttar Pradesh,Sambhal,4120.0,3939.423095703125,-180.576904296875,180.576904296875
03-05,train,2019,IND034016,Uttar Pradesh,Bareilly,3160.0,3939.422119140625,779.422119140625,779.422119140625
03-05,train,2019,IND034059,Uttar Pradesh,Pilibhit,4290.0,3939.423583984375,-350.576416015625,350.576416015625
03-05,train,2019,IND034062,Uttar Pradesh,Rampur,4100.0,3939.422119140625,-160.577880859375,160.577880859375
03-05,train,2019,IND034057,Uttar Pradesh,Moradabad,3770.0,3939.423828125,169.423828125,169.423828125
03-05,train,2019,IND034001,Uttar Pradesh,Agra,4040.0,3939.420166015625,-100.579833984375,100.579833984375
03-05,train,2019,IND034028,Uttar Pradesh,Firozabad,4050.0,3939.419677734375,-110.580322265625,110.580322265625
03-05,train,2019,IND034037,Uttar Pradesh,Hathras,3990.0,3939.420654296875,-50.579345703125,50.579345703125
03-05,train,2019,IND034053,Uttar Pradesh,Mathura,2850.0,3939.421630859375,1089.421630859375,1089.421630859375
03-05,train,2019,IND034002,Uttar Pradesh,Aligarh,4120.0,3939.422119140625,-180.577880859375,180.577880859375
03-05,train,2019,IND013014,Haryana,Mewat,4600.0,3939.422607421875,-660.577392578125,660.577392578125
03-05,train,2019,IND013015,Haryana,Palwal,4840.0,3939.423095703125,-900.576904296875,900.576904296875
03-05,train,2019,IND013018,Haryana,Rewari,4410.0,3939.422119140625,-470.577880859375,470.577880859375
03-05,train,2019,IND013004,Haryana,Faridabad,4200.0,3939.424072265625,-260.575927734375,260.575927734375
03-05,train,2019,IND034029,Uttar Pradesh,Gautam Buddha Nagar,4220.0,3939.424560546875,-280.575439453125,280.575439453125
03-05,train,2019,IND013006,Haryana,Gurgaon,5060.0,3939.42333984375,-1120.57666015625,1120.57666015625
03-05,train,2019,IND034019,Uttar Pradesh,Bulandshahr,4380.0,3939.42431640625,-440.57568359375,440.57568359375
03-05,train,2019,IND013008,Haryana,Jhajjar,4810.0,3939.423828125,-870.576171875,870.576171875
03-05,train,2019,IND034035,Uttar Pradesh,Hapur,4480.0,3939.426025390625,-540.573974609375,540.573974609375
03-05,train,2019,IND034006,Uttar Pradesh,Amroha,3870.0,3939.425537109375,69.425537109375,69.425537109375
03-05,train,2019,IND034030,Uttar Pradesh,Ghaziabad,4110.0,3939.4267578125,-170.5732421875,170.5732421875
03-05,train,2019,IND034055,Uttar Pradesh,Meerut,4560.0,3939.427490234375,-620.572509765625,620.572509765625
03-05,train,2019,IND034010,Uttar Pradesh,Baghpat,4520.0,3939.427490234375,-580.572509765625,580.572509765625
03-05,train,2019,IND013021,Haryana,Sonepat,4890.0,3939.425537109375,-950.574462890625,950.574462890625
03-05,train,2019,IND013017,Haryana,Panipat,4750.0,3939.4267578125,-810.5732421875,810.5732421875
03-05,train,2019,IND013013,Haryana,Mahendragarh,4480.0,3939.421875,-540.578125,540.578125
03-05,train,2019,IND013003,Haryana,Charkhi Dadri,4570.0,3939.422607421875,-630.577392578125,630.577392578125
03-05,train,2019,IND013002,Haryana,Bhiwani,4190.0,3939.422607421875,-250.577392578125,250.577392578125
03-05,train,2019,IND013019,Haryana,Rohtak,4320.0,3939.423828125,-380.576171875,380.576171875
03-05,train,2019,IND013007,Haryana,Hissar,4560.0,3939.423828125,-620.576171875,620.576171875
03-05,train,2019,IND013009,Haryana,Jind,4810.0,3939.425048828125,-870.574951171875,870.574951171875
03-05,train,2019,IND013005,Haryana,Fatehabad,4850.0,3939.42431640625,-910.57568359375,910.57568359375
03-05,train,2019,IND013020,Haryana,Sirsa,4860.0,3939.424560546875,-920.575439453125,920.575439453125
03-05,train,2019,IND013010,Haryana,Kaithal,4600.0,3939.425537109375,-660.574462890625,660.574462890625
03-05,train,2019,IND028013,Punjab,Mansa,5390.0,3939.425048828125,-1450.574951171875,1450.574951171875
03-05,train,2019,IND034018,Uttar Pradesh,Bijnor,3500.0,3939.4267578125,439.4267578125,439.4267578125
03-05,train,2019,IND034058,Uttar Pradesh,Muzaffarnagar,3980.0,3939.427978515625,-40.572021484375,40.572021484375
03-05,train,2019,IND034068,Uttar Pradesh,Shamli,4760.0,3939.427490234375,-820.572509765625,820.572509765625
03-05,train,2019,IND013011,Haryana,Karnal,4850.0,3939.426025390625,-910.573974609375,910.573974609375
03-05,train,2019,IND034063,Uttar Pradesh,Saharanpur,3890.0,3939.4267578125,49.4267578125,49.4267578125
03-05,train,2019,IND013012,Haryana,Kurukshetra,4710.0,3939.425048828125,-770.574951171875,770.574951171875
03-05,train,2019,IND013022,Haryana,Yamuna Nagar,4890.0,3939.425048828125,-950.574951171875,950.574951171875
03-05,train,2019,IND013001,Haryana,Ambala,4180.0,3939.42431640625,-240.57568359375,240.57568359375
03-05,train,2019,IND028015,Punjab,Mohali,4520.0,3939.42431640625,-580.57568359375,580.57568359375
03-05,train,2019,IND013016,Haryana,Panchkula,4170.0,3939.424072265625,-230.575927734375,230.575927734375
03-05,train,2019,IND028003,Punjab,Bathinda,5420.0,3939.425537109375,-1480.574462890625,1480.574462890625
03-05,train,2019,IND028019,Punjab,Patiala,4770.0,3939.425048828125,-830.574951171875,830.574951171875
03-05,train,2019,IND028021,Punjab,Sangrur,5770.0,3939.425048828125,-1830.574951171875,1830.574951171875
03-05,train,2019,IND028016,Punjab,Muktsar,5460.0,3939.425537109375,-1520.574462890625,1520.574462890625
03-05,train,2019,IND028006,Punjab,Fazilka,4930.0,3939.426025390625,-990.573974609375,990.573974609375
03-05,train,2019,IND028002,Punjab,Barnala,5250.0,3939.425537109375,-1310.574462890625,1310.574462890625
03-05,train,2019,IND028004,Punjab,Faridkot,5570.0,3939.426025390625,-1630.573974609375,1630.573974609375
03-05,train,2019,IND028005,Punjab,Fatehgarh Sahib,4400.0,3939.425048828125,-460.574951171875,460.574951171875
03-05,train,2019,IND028014,Punjab,Moga,5350.0,3939.42578125,-1410.57421875,1410.57421875
03-05,train,2019,IND028012,Punjab,Ludhiana,5100.0,3939.425537109375,-1160.574462890625,1160.574462890625
03-05,train,2019,IND028007,Punjab,Firozpur,5120.0,3939.426025390625,-1180.573974609375,1180.573974609375
03-05,train,2019,IND028020,Punjab,Rupnagar,4330.0,3939.425048828125,-390.574951171875,390.574951171875
03-05,train,2019,IND028017,Punjab,Nawan Shehar,5080.0,3939.425048828125,-1140.574951171875,1140.574951171875
03-05,train,2019,IND028010,Punjab,Jalandhar,5030.0,3939.425537109375,-1090.574462890625,1090.574462890625
03-05,train,2019,IND028022,Punjab,Tarn Taran,4550.0,3939.42626953125,-610.57373046875,610.57373046875
03-05,train,2019,IND028011,Punjab,Kapurthala,4650.0,3939.425537109375,-710.574462890625,710.574462890625
03-05,train,2019,IND028009,Punjab,Hoshiarpur,4290.0,3939.425048828125,-350.574951171875,350.574951171875
03-05,train,2019,IND028001,Punjab,Amritsar,4530.0,3939.426025390625,-590.573974609375,590.573974609375
03-05,train,2019,IND028008,Punjab,Gurdaspur,4170.0,3939.426025390625,-230.573974609375,230.573974609375
03-05,train,2019,IND028018,Punjab,Pathankot,3950.0,3939.426025390625,-10.573974609375,10.573974609375
03-05,train,2020,IND034072,Uttar Pradesh,Sonbhadra,2620.0,3939.424072265625,1319.424072265625,1319.424072265625
03-05,train,2020,IND034056,Uttar Pradesh,Mirzapur,3280.0,3939.423828125,659.423828125,659.423828125
03-05,train,2020,IND034020,Uttar Pradesh,Chandauli,3640.0,3939.42431640625,299.42431640625,299.42431640625
03-05,train,2020,IND034003,Uttar Pradesh,Allahabad,3590.0,3939.423095703125,349.423095703125,349.423095703125
03-05,train,2020,IND034066,Uttar Pradesh,Sant Ravi Das Nagar,3630.0,3939.423583984375,309.423583984375,309.423583984375
03-05,train,2020,IND034075,Uttar Pradesh,Varanasi,3670.0,3939.42431640625,269.42431640625,269.42431640625
03-05,train,2020,IND034045,Uttar Pradesh,Kaushambi,3310.0,3939.422607421875,629.422607421875,629.422607421875
03-05,train,2020,IND034031,Uttar Pradesh,Ghazipur,3480.0,3939.42529296875,459.42529296875,459.42529296875
03-05,train,2020,IND034039,Uttar Pradesh,Jaunpur,3700.0,3939.423828125,239.423828125,239.423828125
03-05,train,2020,IND034012,Uttar Pradesh,Ballia,3770.0,3939.4267578125,169.4267578125,169.4267578125
03-05,train,2020,IND034048,Uttar Pradesh,Lalitpur,3120.0,3939.422607421875,819.422607421875,819.422607421875
03-05,train,2020,IND034021,Uttar Pradesh,Chitrakoot,3310.0,3939.422607421875,629.422607421875,629.422607421875
03-05,train,2020,IND034051,Uttar Pradesh,Mahoba,2710.0,3939.422607421875,1229.422607421875,1229.422607421875
03-05,train,2020,IND034014,Uttar Pradesh,Banda,2810.0,3939.422607421875,1129.422607421875,1129.422607421875
03-05,train,2020,IND034040,Uttar Pradesh,Jhansi,3030.0,3939.422607421875,909.422607421875,909.422607421875
03-05,train,2020,IND034034,Uttar Pradesh,Hamirpur,3210.0,3939.42236328125,729.42236328125,729.42236328125
03-05,train,2020,IND034027,Uttar Pradesh,Fatehpur,3800.0,3939.422607421875,139.422607421875,139.422607421875
03-05,train,2020,IND034038,Uttar Pradesh,Jalaun,3690.0,3939.422119140625,249.422119140625,249.422119140625
03-05,train,2020,IND034061,Uttar Pradesh,Rae Bareli,3900.0,3939.423095703125,39.423095703125,39.423095703125
03-05,train,2020,IND034042,Uttar Pradesh,Kanpur,3950.0,3939.422607421875,-10.577392578125,10.577392578125
03-05,train,2020,IND034060,Uttar Pradesh,Pratapgarh,3420.0,3939.423095703125,519.423095703125,519.423095703125
03-05,train,2020,IND034008,Uttar Pradesh,Azamgarh,3540.0,3939.42431640625,399.42431640625,399.42431640625
03-05,train,2020,IND034054,Uttar Pradesh,Maunathbhanjan,3770.0,3939.426025390625,169.426025390625,169.426025390625
03-05,train,2020,IND034073,Uttar Pradesh,Sultanpur,3860.0,3939.424072265625,79.424072265625,79.424072265625
03-05,train,2020,IND034005,Uttar Pradesh,Amethi,3880.0,3939.423828125,59.423828125,59.423828125
03-05,train,2020,IND034004,Uttar Pradesh,Ambedkar Nagar,3840.0,3939.42431640625,99.42431640625,99.42431640625
03-05,train,2020,IND034022,Uttar Pradesh,Deoria,3480.0,3939.425537109375,459.425537109375,459.425537109375
03-05,train,2020,IND034025,Uttar Pradesh,Faizabad,3530.0,3939.42431640625,409.42431640625,409.42431640625
03-05,train,2020,IND034033,Uttar Pradesh,Gorakhpur,3740.0,3939.424072265625,199.424072265625,199.424072265625
03-05,train,2020,IND034065,Uttar Pradesh,Sant Kabir Nagar,4140.0,3939.423583984375,-200.576416015625,200.576416015625
03-05,train,2020,IND034043,Uttar Pradesh,Kanpur Dehat,4070.0,3939.422119140625,-130.577880859375,130.577880859375
03-05,train,2020,IND034074,Uttar Pradesh,Unnao,3480.0,3939.423095703125,459.423095703125,459.423095703125
03-05,train,2020,IND034007,Uttar Pradesh,Auraiya,4150.0,3939.421630859375,-210.578369140625,210.578369140625
03-05,train,2020,IND034024,Uttar Pradesh,Etawah,4120.0,3939.421630859375,-180.578369140625,180.578369140625
03-05,train,2020,IND034049,Uttar Pradesh,Lucknow,3390.0,3939.42431640625,549.42431640625,549.42431640625
03-05,train,2020,IND034041,Uttar Pradesh,Kannauj,4140.0,3939.422119140625,-200.577880859375,200.577880859375
03-05,train,2020,IND034052,Uttar Pradesh,Mainpuri,4250.0,3939.421142578125,-310.578857421875,310.578857421875
03-05,train,2020,IND034036,Uttar Pradesh,Hardoi,3750.0,3939.423828125,189.423828125,189.423828125
03-05,train,2020,IND034026,Uttar Pradesh,Farrukhabad,4080.0,3939.42236328125,-140.57763671875,140.57763671875
03-05,train,2020,IND034071,Uttar Pradesh,Sitapur,3630.0,3939.425537109375,309.425537109375,309.425537109375
03-05,train,2020,IND034017,Uttar Pradesh,Basti,3560.0,3939.423828125,379.423828125,379.423828125
03-05,train,2020,IND034046,Uttar Pradesh,Kushinagar,3740.0,3939.423828125,199.423828125,199.423828125
03-05,train,2020,IND034015,Uttar Pradesh,Barabanki,4330.0,3939.424560546875,-390.575439453125,390.575439453125
03-05,train,2020,IND034032,Uttar Pradesh,Gonda,3350.0,3939.42431640625,589.42431640625,589.42431640625
03-05,train,2020,IND034050,Uttar Pradesh,Maharajganj,3740.0,3939.422607421875,199.422607421875,199.422607421875
03-05,train,2020,IND034070,Uttar Pradesh,Siddharth Nagar,3960.0,3939.423095703125,-20.576904296875,20.576904296875
03-05,train,2020,IND034013,Uttar Pradesh,Balrampur,3400.0,3939.42333984375,539.42333984375,539.42333984375
03-05,train,2020,IND034069,Uttar Pradesh,Shravasti,3390.0,3939.424560546875,549.424560546875,549.424560546875
03-05,train,2020,IND034011,Uttar Pradesh,Bahraich,3490.0,3939.425537109375,449.425537109375,449.425537109375
03-05,train,2020,IND034023,Uttar Pradesh,Etah,4130.0,3939.42138671875,-190.57861328125,190.57861328125
03-05,train,2020,IND034044,Uttar Pradesh,Kasganj,3800.0,3939.421875,139.421875,139.421875
03-05,train,2020,IND034067,Uttar Pradesh,Shahjahanpur,4460.0,3939.424072265625,-520.575927734375,520.575927734375
03-05,train,2020,IND034009,Uttar Pradesh,Badaun,3910.0,3939.4228515625,29.4228515625,29.4228515625
03-05,train,2020,IND034047,Uttar Pradesh,Lakhimpur Kheri,4110.0,3939.42529296875,-170.57470703125,170.57470703125
03-05,train,2020,IND034064,Uttar Pradesh,Sambhal,4100.0,3939.423583984375,-160.576416015625,160.576416015625
03-05,train,2020,IND034016,Uttar Pradesh,Bareilly,3870.0,3939.423583984375,69.423583984375,69.423583984375
03-05,train,2020,IND034059,Uttar Pradesh,Pilibhit,4450.0,3939.425048828125,-510.574951171875,510.574951171875
03-05,train,2020,IND034062,Uttar Pradesh,Rampur,4230.0,3939.423095703125,-290.576904296875,290.576904296875
03-05,train,2020,IND034057,Uttar Pradesh,Moradabad,4330.0,3939.423828125,-390.576171875,390.576171875
03-05,train,2020,IND034001,Uttar Pradesh,Agra,4260.0,3939.421142578125,-320.578857421875,320.578857421875
03-05,train,2020,IND034028,Uttar Pradesh,Firozabad,4140.0,3939.4208984375,-200.5791015625,200.5791015625
03-05,train,2020,IND034037,Uttar Pradesh,Hathras,4100.0,3939.42138671875,-160.57861328125,160.57861328125
03-05,train,2020,IND034053,Uttar Pradesh,Mathura,3510.0,3939.422119140625,429.422119140625,429.422119140625
03-05,train,2020,IND034002,Uttar Pradesh,Aligarh,4180.0,3939.422607421875,-240.577392578125,240.577392578125
03-05,train,2020,IND013014,Haryana,Mewat,4220.0,3939.422119140625,-280.577880859375,280.577880859375
03-05,train,2020,IND013015,Haryana,Palwal,4450.0,3939.423095703125,-510.576904296875,510.576904296875
03-05,train,2020,IND013018,Haryana,Rewari,4700.0,3939.421875,-760.578125,760.578125
03-05,train,2020,IND013004,Haryana,Faridabad,3370.0,3939.423828125,569.423828125,569.423828125
03-05,train,2020,IND034029,Uttar Pradesh,Gautam Buddha Nagar,4020.0,3939.42431640625,-80.57568359375,80.57568359375
03-05,train,2020,IND013006,Haryana,Gurgaon,4740.0,3939.423095703125,-800.576904296875,800.576904296875
03-05,train,2020,IND034019,Uttar Pradesh,Bulandshahr,4400.0,3939.424072265625,-460.575927734375,460.575927734375
03-05,train,2020,IND013008,Haryana,Jhajjar,4530.0,3939.423095703125,-590.576904296875,590.576904296875
03-05,train,2020,IND034035,Uttar Pradesh,Hapur,4180.0,3939.425537109375,-240.574462890625,240.574462890625
03-05,train,2020,IND034006,Uttar Pradesh,Amroha,4020.0,3939.425048828125,-80.574951171875,80.574951171875
03-05,train,2020,IND034030,Uttar Pradesh,Ghaziabad,4270.0,3939.426513671875,-330.573486328125,330.573486328125
03-05,train,2020,IND034055,Uttar Pradesh,Meerut,4570.0,3939.4267578125,-630.5732421875,630.5732421875
03-05,train,2020,IND034010,Uttar Pradesh,Baghpat,4570.0,3939.427490234375,-630.572509765625,630.572509765625
03-05,train,2020,IND013021,Haryana,Sonepat,5020.0,3939.425537109375,-1080.574462890625,1080.574462890625
03-05,train,2020,IND013017,Haryana,Panipat,4940.0,3939.426513671875,-1000.573486328125,1000.573486328125
03-05,train,2020,IND013013,Haryana,Mahendragarh,4840.0,3939.420654296875,-900.579345703125,900.579345703125
03-05,train,2020,IND013003,Haryana,Charkhi Dadri,4990.0,3939.421875,-1050.578125,1050.578125
03-05,train,2020,IND013002,Haryana,Bhiwani,4240.0,3939.421875,-300.578125,300.578125
03-05,train,2020,IND013019,Haryana,Rohtak,4790.0,3939.423583984375,-850.576416015625,850.576416015625
03-05,train,2020,IND013007,Haryana,Hissar,4970.0,3939.423583984375,-1030.576416015625,1030.576416015625
03-05,train,2020,IND013009,Haryana,Jind,5010.0,3939.425048828125,-1070.574951171875,1070.574951171875
03-05,train,2020,IND013005,Haryana,Fatehabad,5040.0,3939.425537109375,-1100.574462890625,1100.574462890625
03-05,train,2020,IND013020,Haryana,Sirsa,4640.0,3939.42626953125,-700.57373046875,700.57373046875
03-05,train,2020,IND013010,Haryana,Kaithal,4950.0,3939.42431640625,-1010.57568359375,1010.57568359375
03-05,train,2020,IND028013,Punjab,Mansa,4970.0,3939.426025390625,-1030.573974609375,1030.573974609375
03-05,train,2020,IND034018,Uttar Pradesh,Bijnor,3810.0,3939.426025390625,129.426025390625,129.426025390625
03-05,train,2020,IND034058,Uttar Pradesh,Muzaffarnagar,4340.0,3939.427001953125,-400.572998046875,400.572998046875
03-05,train,2020,IND034068,Uttar Pradesh,Shamli,4810.0,3939.4267578125,-870.5732421875,870.5732421875
03-05,train,2020,IND013011,Haryana,Karnal,5180.0,3939.425048828125,-1240.574951171875,1240.574951171875
03-05,train,2020,IND034063,Uttar Pradesh,Saharanpur,4160.0,3939.426025390625,-220.573974609375,220.573974609375
03-05,train,2020,IND013012,Haryana,Kurukshetra,5150.0,3939.42333984375,-1210.57666015625,1210.57666015625
03-05,train,2020,IND013022,Haryana,Yamuna Nagar,5100.0,3939.423583984375,-1160.576416015625,1160.576416015625
03-05,train,2020,IND013001,Haryana,Ambala,5060.0,3939.421875,-1120.578125,1120.578125
03-05,train,2020,IND028015,Punjab,Mohali,4370.0,3939.422119140625,-430.577880859375,430.577880859375
03-05,train,2020,IND013016,Haryana,Panchkula,3600.0,3939.421142578125,339.421142578125,339.421142578125
03-05,train,2020,IND028003,Punjab,Bathinda,4950.0,3939.426513671875,-1010.573486328125,1010.573486328125
03-05,train,2020,IND028019,Punjab,Patiala,4970.0,3939.423583984375,-1030.576416015625,1030.576416015625
03-05,train,2020,IND028021,Punjab,Sangrur,5260.0,3939.42529296875,-1320.57470703125,1320.57470703125
03-05,train,2020,IND028016,Punjab,Muktsar,5050.0,3939.426513671875,-1110.573486328125,1110.573486328125
03-05,train,2020,IND028006,Punjab,Fazilka,4740.0,3939.426513671875,-800.573486328125,800.573486328125
03-05,train,2020,IND028002,Punjab,Barnala,4800.0,3939.426513671875,-860.573486328125,860.573486328125
03-05,train,2020,IND028004,Punjab,Faridkot,5070.0,3939.4267578125,-1130.5732421875,1130.5732421875
03-05,train,2020,IND028005,Punjab,Fatehgarh Sahib,4960.0,3939.423828125,-1020.576171875,1020.576171875
03-05,train,2020,IND028014,Punjab,Moga,5150.0,3939.426513671875,-1210.573486328125,1210.573486328125
03-05,train,2020,IND028012,Punjab,Ludhiana,4970.0,3939.425048828125,-1030.574951171875,1030.574951171875
03-05,train,2020,IND028007,Punjab,Firozpur,4930.0,3939.426025390625,-990.573974609375,990.573974609375
03-05,train,2020,IND028020,Punjab,Rupnagar,4510.0,3939.423583984375,-570.576416015625,570.576416015625
03-05,train,2020,IND028017,Punjab,Nawan Shehar,4940.0,3939.423828125,-1000.576171875,1000.576171875
03-05,train,2020,IND028010,Punjab,Jalandhar,4900.0,3939.425048828125,-960.574951171875,960.574951171875
03-05,train,2020,IND028022,Punjab,Tarn Taran,4710.0,3939.425048828125,-770.574951171875,770.574951171875
03-05,train,2020,IND028011,Punjab,Kapurthala,4620.0,3939.42431640625,-680.57568359375,680.57568359375
03-05,train,2020,IND028009,Punjab,Hoshiarpur,4140.0,3939.423583984375,-200.576416015625,200.576416015625
03-05,train,2020,IND028001,Punjab,Amritsar,4760.0,3939.424072265625,-820.575927734375,820.575927734375
03-05,train,2020,IND028008,Punjab,Gurdaspur,4530.0,3939.423095703125,-590.576904296875,590.576904296875
03-05,train,2020,IND028018,Punjab,Pathankot,4330.0,3939.423095703125,-390.576904296875,390.576904296875
03-05,val,2021,IND034072,Uttar Pradesh,Sonbhadra,2770.0,3939.419677734375,1169.419677734375,1169.419677734375
03-05,val,2021,IND034056,Uttar Pradesh,Mirzapur,3500.0,3939.420166015625,439.420166015625,439.420166015625
03-05,val,2021,IND034020,Uttar Pradesh,Chandauli,3520.0,3939.419921875,419.419921875,419.419921875
03-05,val,2021,IND034003,Uttar Pradesh,Allahabad,2870.0,3939.42138671875,1069.42138671875,1069.42138671875
03-05,val,2021,IND034066,Uttar Pradesh,Sant Ravi Das Nagar,3560.0,3939.420654296875,379.420654296875,379.420654296875
03-05,val,2021,IND034075,Uttar Pradesh,Varanasi,3600.0,3939.42041015625,339.42041015625,339.42041015625
03-05,val,2021,IND034045,Uttar Pradesh,Kaushambi,3360.0,3939.421875,579.421875,579.421875
03-05,val,2021,IND034031,Uttar Pradesh,Ghazipur,3880.0,3939.421630859375,59.421630859375,59.421630859375
03-05,val,2021,IND034039,Uttar Pradesh,Jaunpur,4000.0,3939.42138671875,-60.57861328125,60.57861328125
03-05,val,2021,IND034012,Uttar Pradesh,Ballia,3770.0,3939.423828125,169.423828125,169.423828125
03-05,val,2021,IND034048,Uttar Pradesh,Lalitpur,3620.0,3939.42138671875,319.42138671875,319.42138671875
03-05,val,2021,IND034021,Uttar Pradesh,Chitrakoot,3190.0,3939.42236328125,749.42236328125,749.42236328125
03-05,val,2021,IND034051,Uttar Pradesh,Mahoba,2840.0,3939.42236328125,1099.42236328125,1099.42236328125
03-05,val,2021,IND034014,Uttar Pradesh,Banda,3020.0,3939.42236328125,919.42236328125,919.42236328125
03-05,val,2021,IND034040,Uttar Pradesh,Jhansi,3380.0,3939.421630859375,559.421630859375,559.421630859375
03-05,val,2021,IND034034,Uttar Pradesh,Hamirpur,3210.0,3939.42138671875,729.42138671875,729.42138671875
03-05,val,2021,IND034027,Uttar Pradesh,Fatehpur,3660.0,3939.421630859375,279.421630859375,279.421630859375
03-05,val,2021,IND034038,Uttar Pradesh,Jalaun,3420.0,3939.420166015625,519.420166015625,519.420166015625
03-05,val,2021,IND034061,Uttar Pradesh,Rae Bareli,3230.0,3939.421142578125,709.421142578125,709.421142578125
03-05,val,2021,IND034042,Uttar Pradesh,Kanpur,3480.0,3939.420654296875,459.420654296875,459.420654296875
03-05,val,2021,IND034060,Uttar Pradesh,Pratapgarh,3310.0,3939.42138671875,629.42138671875,629.42138671875
03-05,val,2021,IND034008,Uttar Pradesh,Azamgarh,3470.0,3939.422119140625,469.422119140625,469.422119140625
03-05,val,2021,IND034054,Uttar Pradesh,Maunathbhanjan,3700.0,3939.423583984375,239.423583984375,239.423583984375
03-05,val,2021,IND034073,Uttar Pradesh,Sultanpur,4070.0,3939.421630859375,-130.578369140625,130.578369140625
03-05,val,2021,IND034005,Uttar Pradesh,Amethi,3220.0,3939.421142578125,719.421142578125,719.421142578125
03-05,val,2021,IND034004,Uttar Pradesh,Ambedkar Nagar,3680.0,3939.421630859375,259.421630859375,259.421630859375
03-05,val,2021,IND034022,Uttar Pradesh,Deoria,3350.0,3939.42431640625,589.42431640625,589.42431640625
03-05,val,2021,IND034025,Uttar Pradesh,Faizabad,3400.0,3939.420654296875,539.420654296875,539.420654296875
03-05,val,2021,IND034033,Uttar Pradesh,Gorakhpur,3630.0,3939.4228515625,309.4228515625,309.4228515625
03-05,val,2021,IND034065,Uttar Pradesh,Sant Kabir Nagar,4140.0,3939.421142578125,-200.578857421875,200.578857421875
03-05,val,2021,IND034043,Uttar Pradesh,Kanpur Dehat,3790.0,3939.419921875,149.419921875,149.419921875
03-05,val,2021,IND034074,Uttar Pradesh,Unnao,3410.0,3939.420654296875,529.420654296875,529.420654296875
03-05,val,2021,IND034007,Uttar Pradesh,Auraiya,3970.0,3939.418701171875,-30.581298828125,30.581298828125
03-05,val,2021,IND034024,Uttar Pradesh,Etawah,3830.0,3939.418212890625,109.418212890625,109.418212890625
03-05,val,2021,IND034049,Uttar Pradesh,Lucknow,3540.0,3939.4208984375,399.4208984375,399.4208984375
03-05,val,2021,IND034041,Uttar Pradesh,Kannauj,3850.0,3939.4189453125,89.4189453125,89.4189453125
03-05,val,2021,IND034052,Uttar Pradesh,Mainpuri,3860.0,3939.418212890625,79.418212890625,79.418212890625
03-05,val,2021,IND034036,Uttar Pradesh,Hardoi,3790.0,3939.420654296875,149.420654296875,149.420654296875
03-05,val,2021,IND034026,Uttar Pradesh,Farrukhabad,3880.0,3939.4189453125,59.4189453125,59.4189453125
03-05,val,2021,IND034071,Uttar Pradesh,Sitapur,3790.0,3939.421142578125,149.421142578125,149.421142578125
03-05,val,2021,IND034017,Uttar Pradesh,Basti,3640.0,3939.420654296875,299.420654296875,299.420654296875
03-05,val,2021,IND034046,Uttar Pradesh,Kushinagar,3760.0,3939.424072265625,179.424072265625,179.424072265625
03-05,val,2021,IND034015,Uttar Pradesh,Barabanki,4040.0,3939.4208984375,-100.5791015625,100.5791015625
03-05,val,2021,IND034032,Uttar Pradesh,Gonda,3280.0,3939.41943359375,659.41943359375,659.41943359375
03-05,val,2021,IND034050,Uttar Pradesh,Maharajganj,3550.0,3939.422607421875,389.422607421875,389.422607421875
03-05,val,2021,IND034070,Uttar Pradesh,Siddharth Nagar,4110.0,3939.42041015625,-170.57958984375,170.57958984375
03-05,val,2021,IND034013,Uttar Pradesh,Balrampur,3300.0,3939.41796875,639.41796875,639.41796875
03-05,val,2021,IND034069,Uttar Pradesh,Shravasti,3600.0,3939.418212890625,339.418212890625,339.418212890625
03-05,val,2021,IND034011,Uttar Pradesh,Bahraich,3520.0,3939.42041015625,419.42041015625,419.42041015625
03-05,val,2021,IND034023,Uttar Pradesh,Etah,3890.0,3939.41845703125,49.41845703125,49.41845703125
03-05,val,2021,IND034044,Uttar Pradesh,Kasganj,3910.0,3939.4189453125,29.4189453125,29.4189453125
03-05,val,2021,IND034067,Uttar Pradesh,Shahjahanpur,4470.0,3939.420166015625,-530.579833984375,530.579833984375
03-05,val,2021,IND034009,Uttar Pradesh,Badaun,3890.0,3939.419677734375,49.419677734375,49.419677734375
03-05,val,2021,IND034047,Uttar Pradesh,Lakhimpur Kheri,4090.0,3939.421142578125,-150.578857421875,150.578857421875
03-05,val,2021,IND034064,Uttar Pradesh,Sambhal,4000.0,3939.42041015625,-60.57958984375,60.57958984375
03-05,val,2021,IND034016,Uttar Pradesh,Bareilly,3910.0,3939.419677734375,29.419677734375,29.419677734375
03-05,val,2021,IND034059,Uttar Pradesh,Pilibhit,4010.0,3939.420654296875,-70.579345703125,70.579345703125
03-05,val,2021,IND034062,Uttar Pradesh,Rampur,4180.0,3939.4189453125,-240.5810546875,240.5810546875
03-05,val,2021,IND034057,Uttar Pradesh,Moradabad,4150.0,3939.419677734375,-210.580322265625,210.580322265625
03-05,val,2021,IND034001,Uttar Pradesh,Agra,4050.0,3939.41845703125,-110.58154296875,110.58154296875
03-05,val,2021,IND034028,Uttar Pradesh,Firozabad,3530.0,3939.417724609375,409.417724609375,409.417724609375
03-05,val,2021,IND034037,Uttar Pradesh,Hathras,3970.0,3939.419189453125,-30.580810546875,30.580810546875
03-05,val,2021,IND034053,Uttar Pradesh,Mathura,3490.0,3939.420166015625,449.420166015625,449.420166015625
03-05,val,2021,IND034002,Uttar Pradesh,Aligarh,4190.0,3939.42041015625,-250.57958984375,250.57958984375
03-05,val,2021,IND013014,Haryana,Mewat,4260.0,3939.42138671875,-320.57861328125,320.57861328125
03-05,val,2021,IND013015,Haryana,Palwal,4640.0,3939.422119140625,-700.577880859375,700.577880859375
03-05,val,2021,IND013018,Haryana,Rewari,4580.0,3939.421630859375,-640.578369140625,640.578369140625
03-05,val,2021,IND013004,Haryana,Faridabad,3920.0,3939.4228515625,19.4228515625,19.4228515625
03-05,val,2021,IND034029,Uttar Pradesh,Gautam Buddha Nagar,3850.0,3939.422607421875,89.422607421875,89.422607421875
03-05,val,2021,IND013006,Haryana,Gurgaon,4670.0,3939.42236328125,-730.57763671875,730.57763671875
03-05,val,2021,IND034019,Uttar Pradesh,Bulandshahr,4440.0,3939.42138671875,-500.57861328125,500.57861328125
03-05,val,2021,IND013008,Haryana,Jhajjar,4400.0,3939.423095703125,-460.576904296875,460.576904296875
03-05,val,2021,IND034035,Uttar Pradesh,Hapur,4380.0,3939.422119140625,-440.577880859375,440.577880859375
03-05,val,2021,IND034006,Uttar Pradesh,Amroha,3950.0,3939.420654296875,-10.579345703125,10.579345703125
03-05,val,2021,IND034030,Uttar Pradesh,Ghaziabad,4200.0,3939.423095703125,-260.576904296875,260.576904296875
03-05,val,2021,IND034055,Uttar Pradesh,Meerut,4180.0,3939.42236328125,-240.57763671875,240.57763671875
03-05,val,2021,IND034010,Uttar Pradesh,Baghpat,4550.0,3939.424560546875,-610.575439453125,610.575439453125
03-05,val,2021,IND013021,Haryana,Sonepat,4720.0,3939.425048828125,-780.574951171875,780.574951171875
03-05,val,2021,IND013017,Haryana,Panipat,4630.0,3939.425048828125,-690.574951171875,690.574951171875
03-05,val,2021,IND013013,Haryana,Mahendragarh,4650.0,3939.4208984375,-710.5791015625,710.5791015625
03-05,val,2021,IND013003,Haryana,Charkhi Dadri,4120.0,3939.421875,-180.578125,180.578125
03-05,val,2021,IND013002,Haryana,Bhiwani,4270.0,3939.421630859375,-330.578369140625,330.578369140625
03-05,val,2021,IND013019,Haryana,Rohtak,4370.0,3939.423095703125,-430.576904296875,430.576904296875
03-05,val,2021,IND013007,Haryana,Hissar,4640.0,3939.422607421875,-700.577392578125,700.577392578125
03-05,val,2021,IND013009,Haryana,Jind,4660.0,3939.423583984375,-720.576416015625,720.576416015625
03-05,val,2021,IND013005,Haryana,Fatehabad,4670.0,3939.422607421875,-730.577392578125,730.577392578125
03-05,val,2021,IND013020,Haryana,Sirsa,4290.0,3939.422119140625,-350.577880859375,350.577880859375
03-05,val,2021,IND013010,Haryana,Kaithal,4620.0,3939.42236328125,-680.57763671875,680.57763671875
03-05,val,2021,IND028013,Punjab,Mansa,4450.0,3939.4228515625,-510.5771484375,510.5771484375
03-05,val,2021,IND034018,Uttar Pradesh,Bijnor,3750.0,3939.4208984375,189.4208984375,189.4208984375
03-05,val,2021,IND034058,Uttar Pradesh,Muzaffarnagar,3960.0,3939.4228515625,-20.5771484375,20.5771484375
03-05,val,2021,IND034068,Uttar Pradesh,Shamli,4350.0,3939.42431640625,-410.57568359375,410.57568359375
03-05,val,2021,IND013011,Haryana,Karnal,5100.0,3939.42333984375,-1160.57666015625,1160.57666015625
03-05,val,2021,IND034063,Uttar Pradesh,Saharanpur,4070.0,3939.4228515625,-130.5771484375,130.5771484375
03-05,val,2021,IND013012,Haryana,Kurukshetra,4260.0,3939.42138671875,-320.57861328125,320.57861328125
03-05,val,2021,IND013022,Haryana,Yamuna Nagar,4510.0,3939.421142578125,-570.578857421875,570.578857421875
03-05,val,2021,IND013001,Haryana,Ambala,4110.0,3939.419677734375,-170.580322265625,170.580322265625
03-05,val,2021,IND028015,Punjab,Mohali,3710.0,3939.419189453125,229.419189453125,229.419189453125
03-05,val,2021,IND013016,Haryana,Panchkula,3770.0,3939.418701171875,169.418701171875,169.418701171875
03-05,val,2021,IND028003,Punjab,Bathinda,4410.0,3939.422607421875,-470.577392578125,470.577392578125
03-05,val,2021,IND028019,Punjab,Patiala,3880.0,3939.42138671875,59.42138671875,59.42138671875
03-05,val,2021,IND028021,Punjab,Sangrur,4175.82421875,3939.42236328125,-236.40185546875,236.40185546875
03-05,val,2021,IND028016,Punjab,Muktsar,4530.0,3939.42236328125,-590.57763671875,590.57763671875
03-05,val,2021,IND028006,Punjab,Fazilka,4280.0,3939.42236328125,-340.57763671875,340.57763671875
03-05,val,2021,IND028002,Punjab,Barnala,4570.0,3939.423095703125,-630.576904296875,630.576904296875
03-05,val,2021,IND028004,Punjab,Faridkot,4580.0,3939.423095703125,-640.576904296875,640.576904296875
03-05,val,2021,IND028005,Punjab,Fatehgarh Sahib,3400.0,3939.420654296875,539.420654296875,539.420654296875
03-05,val,2021,IND028014,Punjab,Moga,4370.0,3939.423583984375,-430.576416015625,430.576416015625
03-05,val,2021,IND028012,Punjab,Ludhiana,4280.0,3939.42236328125,-340.57763671875,340.57763671875
03-05,val,2021,IND028007,Punjab,Firozpur,4370.0,3939.423095703125,-430.576904296875,430.576904296875
03-05,val,2021,IND028020,Punjab,Rupnagar,3620.0,3939.421142578125,319.421142578125,319.421142578125
03-05,val,2021,IND028017,Punjab,Nawan Shehar,3870.0,3939.422119140625,69.422119140625,69.422119140625
03-05,val,2021,IND028010,Punjab,Jalandhar,4220.0,3939.423095703125,-280.576904296875,280.576904296875
03-05,val,2021,IND028022,Punjab,Tarn Taran,4290.0,3939.42333984375,-350.57666015625,350.57666015625
03-05,val,2021,IND028011,Punjab,Kapurthala,3990.0,3939.423095703125,-50.576904296875,50.576904296875
03-05,val,2021,IND028009,Punjab,Hoshiarpur,3620.0,3939.421875,319.421875,319.421875
03-05,val,2021,IND028001,Punjab,Amritsar,4450.0,3939.4228515625,-510.5771484375,510.5771484375
03-05,val,2021,IND028008,Punjab,Gurdaspur,4220.0,3939.422119140625,-280.577880859375,280.577880859375
03-05,val,2021,IND028018,Punjab,Pathankot,3650.0,3939.422119140625,289.422119140625,289.422119140625
03-05,test,2022,IND034072,Uttar Pradesh,Sonbhadra,2850.0,3939.4228515625,1089.4228515625,1089.4228515625
03-05,test,2022,IND034056,Uttar Pradesh,Mirzapur,3340.0,3939.42236328125,599.42236328125,599.42236328125
03-05,test,2022,IND034020,Uttar Pradesh,Chandauli,3180.0,3939.423095703125,759.423095703125,759.423095703125
03-05,test,2022,IND034003,Uttar Pradesh,Allahabad,2300.0,3939.421630859375,1639.421630859375,1639.421630859375
03-05,test,2022,IND034066,Uttar Pradesh,Sant Ravi Das Nagar,2800.0,3939.42236328125,1139.42236328125,1139.42236328125
03-05,test,2022,IND034075,Uttar Pradesh,Varanasi,2450.0,3939.422607421875,1489.422607421875,1489.422607421875
03-05,test,2022,IND034045,Uttar Pradesh,Kaushambi,3650.0,3939.421142578125,289.421142578125,289.421142578125
03-05,test,2022,IND034031,Uttar Pradesh,Ghazipur,3600.0,3939.4228515625,339.4228515625,339.4228515625
03-05,test,2022,IND034039,Uttar Pradesh,Jaunpur,3990.0,3939.422607421875,-50.577392578125,50.577392578125
03-05,test,2022,IND034012,Uttar Pradesh,Ballia,3480.0,3939.42236328125,459.42236328125,459.42236328125
03-05,test,2022,IND034048,Uttar Pradesh,Lalitpur,3650.0,3939.421875,289.421875,289.421875
03-05,test,2022,IND034021,Uttar Pradesh,Chitrakoot,3140.0,3939.42138671875,799.42138671875,799.42138671875
03-05,test,2022,IND034051,Uttar Pradesh,Mahoba,3940.0,3939.423095703125,-0.576904296875,0.576904296875
03-05,test,2022,IND034014,Uttar Pradesh,Banda,3280.0,3939.42236328125,659.42236328125,659.42236328125
03-05,test,2022,IND034040,Uttar Pradesh,Jhansi,3430.0,3939.42236328125,509.42236328125,509.42236328125
03-05,test,2022,IND034034,Uttar Pradesh,Hamirpur,3220.0,3939.422119140625,719.422119140625,719.422119140625
03-05,test,2022,IND034027,Uttar Pradesh,Fatehpur,3760.0,3939.42138671875,179.42138671875,179.42138671875
03-05,test,2022,IND034038,Uttar Pradesh,Jalaun,3580.0,3939.42138671875,359.42138671875,359.42138671875
03-05,test,2022,IND034061,Uttar Pradesh,Rae Bareli,3490.0,3939.421142578125,449.421142578125,449.421142578125
03-05,test,2022,IND034042,Uttar Pradesh,Kanpur,3920.0,3939.420654296875,19.420654296875,19.420654296875
03-05,test,2022,IND034060,Uttar Pradesh,Pratapgarh,3370.0,3939.422119140625,569.422119140625,569.422119140625
03-05,test,2022,IND034008,Uttar Pradesh,Azamgarh,3590.0,3939.423095703125,349.423095703125,349.423095703125
03-05,test,2022,IND034054,Uttar Pradesh,Maunathbhanjan,3430.0,3939.422607421875,509.422607421875,509.422607421875
03-05,test,2022,IND034073,Uttar Pradesh,Sultanpur,3860.0,3939.423583984375,79.423583984375,79.423583984375
03-05,test,2022,IND034005,Uttar Pradesh,Amethi,2950.0,3939.422607421875,989.422607421875,989.422607421875
03-05,test,2022,IND034004,Uttar Pradesh,Ambedkar Nagar,3400.0,3939.423583984375,539.423583984375,539.423583984375
03-05,test,2022,IND034022,Uttar Pradesh,Deoria,3680.0,3939.42236328125,259.42236328125,259.42236328125
03-05,test,2022,IND034025,Uttar Pradesh,Faizabad,3170.0,3939.423583984375,769.423583984375,769.423583984375
03-05,test,2022,IND034033,Uttar Pradesh,Gorakhpur,3780.0,3939.4228515625,159.4228515625,159.4228515625
03-05,test,2022,IND034065,Uttar Pradesh,Sant Kabir Nagar,4040.0,3939.423095703125,-100.576904296875,100.576904296875
03-05,test,2022,IND034043,Uttar Pradesh,Kanpur Dehat,4040.0,3939.421142578125,-100.578857421875,100.578857421875
03-05,test,2022,IND034074,Uttar Pradesh,Unnao,3500.0,3939.42041015625,439.42041015625,439.42041015625
03-05,test,2022,IND034007,Uttar Pradesh,Auraiya,4170.0,3939.420654296875,-230.579345703125,230.579345703125
03-05,test,2022,IND034024,Uttar Pradesh,Etawah,4050.0,3939.420654296875,-110.579345703125,110.579345703125
03-05,test,2022,IND034049,Uttar Pradesh,Lucknow,3500.0,3939.42041015625,439.42041015625,439.42041015625
03-05,test,2022,IND034041,Uttar Pradesh,Kannauj,3990.0,3939.42041015625,-50.57958984375,50.57958984375
03-05,test,2022,IND034052,Uttar Pradesh,Mainpuri,4010.0,3939.42041015625,-70.57958984375,70.57958984375
03-05,test,2022,IND034036,Uttar Pradesh,Hardoi,3910.0,3939.42041015625,29.42041015625,29.42041015625
03-05,test,2022,IND034026,Uttar Pradesh,Farrukhabad,4140.0,3939.42041015625,-200.57958984375,200.57958984375
03-05,test,2022,IND034071,Uttar Pradesh,Sitapur,3780.0,3939.4208984375,159.4208984375,159.4208984375
03-05,test,2022,IND034017,Uttar Pradesh,Basti,3420.0,3939.423095703125,519.423095703125,519.423095703125
03-05,test,2022,IND034046,Uttar Pradesh,Kushinagar,3700.0,3939.42236328125,239.42236328125,239.42236328125
03-05,test,2022,IND034015,Uttar Pradesh,Barabanki,3790.0,3939.422119140625,149.422119140625,149.422119140625
03-05,test,2022,IND034032,Uttar Pradesh,Gonda,3190.0,3939.421875,749.421875,749.421875
03-05,test,2022,IND034050,Uttar Pradesh,Maharajganj,3690.0,3939.422119140625,249.422119140625,249.422119140625
03-05,test,2022,IND034070,Uttar Pradesh,Siddharth Nagar,4000.0,3939.422119140625,-60.577880859375,60.577880859375
03-05,test,2022,IND034013,Uttar Pradesh,Balrampur,3050.0,3939.421142578125,889.421142578125,889.421142578125
03-05,test,2022,IND034069,Uttar Pradesh,Shravasti,3350.0,3939.421142578125,589.421142578125,589.421142578125
03-05,test,2022,IND034011,Uttar Pradesh,Bahraich,3240.0,3939.42138671875,699.42138671875,699.42138671875
03-05,test,2022,IND034023,Uttar Pradesh,Etah,4140.0,3939.420654296875,-200.579345703125,200.579345703125
03-05,test,2022,IND034044,Uttar Pradesh,Kasganj,4140.0,3939.42041015625,-200.57958984375,200.57958984375
03-05,test,2022,IND034067,Uttar Pradesh,Shahjahanpur,4350.0,3939.42041015625,-410.57958984375,410.57958984375
03-05,test,2022,IND034009,Uttar Pradesh,Badaun,4240.0,3939.420654296875,-300.579345703125,300.579345703125
03-05,test,2022,IND034047,Uttar Pradesh,Lakhimpur Kheri,4120.0,3939.420654296875,-180.579345703125,180.579345703125
03-05,test,2022,IND034064,Uttar Pradesh,Sambhal,4110.0,3939.421630859375,-170.578369140625,170.578369140625
03-05,test,2022,IND034016,Uttar Pradesh,Bareilly,4070.0,3939.420166015625,-130.579833984375,130.579833984375
03-05,test,2022,IND034059,Uttar Pradesh,Pilibhit,4240.0,3939.42041015625,-300.57958984375,300.57958984375
03-05,test,2022,IND034062,Uttar Pradesh,Rampur,4120.0,3939.419921875,-180.580078125,180.580078125
03-05,test,2022,IND034057,Uttar Pradesh,Moradabad,4180.0,3939.420654296875,-240.579345703125,240.579345703125
03-05,test,2022,IND034001,Uttar Pradesh,Agra,4220.0,3939.42041015625,-280.57958984375,280.57958984375
03-05,test,2022,IND034028,Uttar Pradesh,Firozabad,4230.0,3939.42041015625,-290.57958984375,290.57958984375
03-05,test,2022,IND034037,Uttar Pradesh,Hathras,4030.0,3939.420654296875,-90.579345703125,90.579345703125
03-05,test,2022,IND034053,Uttar Pradesh,Mathura,3580.0,3939.420654296875,359.420654296875,359.420654296875
03-05,test,2022,IND034002,Uttar Pradesh,Aligarh,4200.0,3939.42138671875,-260.57861328125,260.57861328125
03-05,test,2022,IND013014,Haryana,Mewat,3900.0,3939.421142578125,39.421142578125,39.421142578125
03-05,test,2022,IND013015,Haryana,Palwal,4240.0,3939.421630859375,-300.578369140625,300.578369140625
03-05,test,2022,IND013018,Haryana,Rewari,4150.0,3939.420654296875,-210.579345703125,210.579345703125
03-05,test,2022,IND013004,Haryana,Faridabad,4140.0,3939.42236328125,-200.57763671875,200.57763671875
03-05,test,2022,IND034029,Uttar Pradesh,Gautam Buddha Nagar,4060.0,3939.4228515625,-120.5771484375,120.5771484375
03-05,test,2022,IND013006,Haryana,Gurgaon,4500.0,3939.42138671875,-560.57861328125,560.57861328125
03-05,test,2022,IND034019,Uttar Pradesh,Bulandshahr,4290.0,3939.42236328125,-350.57763671875,350.57763671875
03-05,test,2022,IND013008,Haryana,Jhajjar,4360.0,3939.422119140625,-420.577880859375,420.577880859375
03-05,test,2022,IND034035,Uttar Pradesh,Hapur,4240.0,3939.423095703125,-300.576904296875,300.576904296875
03-05,test,2022,IND034006,Uttar Pradesh,Amroha,4110.0,3939.422119140625,-170.577880859375,170.577880859375
03-05,test,2022,IND034030,Uttar Pradesh,Ghaziabad,3980.0,3939.42333984375,-40.57666015625,40.57666015625
03-05,test,2022,IND034055,Uttar Pradesh,Meerut,4280.0,3939.422607421875,-340.577392578125,340.577392578125
03-05,test,2022,IND034010,Uttar Pradesh,Baghpat,4540.0,3939.423583984375,-600.576416015625,600.576416015625
03-05,test,2022,IND013021,Haryana,Sonepat,4530.0,3939.423828125,-590.576171875,590.576171875
03-05,test,2022,IND013017,Haryana,Panipat,4470.0,3939.424072265625,-530.575927734375,530.575927734375
03-05,test,2022,IND013013,Haryana,Mahendragarh,4430.0,3939.42041015625,-490.57958984375,490.57958984375
03-05,test,2022,IND013003,Haryana,Charkhi Dadri,3660.0,3939.421142578125,279.421142578125,279.421142578125
03-05,test,2022,IND013002,Haryana,Bhiwani,4100.0,3939.421142578125,-160.578857421875,160.578857421875
03-05,test,2022,IND013019,Haryana,Rohtak,4170.0,3939.42236328125,-230.57763671875,230.57763671875
03-05,test,2022,IND013007,Haryana,Hissar,4990.0,3939.42236328125,-1050.57763671875,1050.57763671875
03-05,test,2022,IND013009,Haryana,Jind,4870.0,3939.423583984375,-930.576416015625,930.576416015625
03-05,test,2022,IND013005,Haryana,Fatehabad,5140.0,3939.423583984375,-1200.576416015625,1200.576416015625
03-05,test,2022,IND013020,Haryana,Sirsa,4460.0,3939.42431640625,-520.57568359375,520.57568359375
03-05,test,2022,IND013010,Haryana,Kaithal,4710.0,3939.422119140625,-770.577880859375,770.577880859375
03-05,test,2022,IND028013,Punjab,Mansa,5000.0,3939.424560546875,-1060.575439453125,1060.575439453125
03-05,test,2022,IND034018,Uttar Pradesh,Bijnor,3790.0,3939.42138671875,149.42138671875,149.42138671875
03-05,test,2022,IND034058,Uttar Pradesh,Muzaffarnagar,4400.0,3939.4228515625,-460.5771484375,460.5771484375
03-05,test,2022,IND034068,Uttar Pradesh,Shamli,4890.0,3939.423583984375,-950.576416015625,950.576416015625
03-05,test,2022,IND013011,Haryana,Karnal,5380.0,3939.42236328125,-1440.57763671875,1440.57763671875
03-05,test,2022,IND034063,Uttar Pradesh,Saharanpur,4170.0,3939.422119140625,-230.577880859375,230.577880859375
03-05,test,2022,IND013012,Haryana,Kurukshetra,4780.0,3939.42041015625,-840.57958984375,840.57958984375
03-05,test,2022,IND013022,Haryana,Yamuna Nagar,5140.0,3939.420166015625,-1200.579833984375,1200.579833984375
03-05,test,2022,IND013001,Haryana,Ambala,4640.0,3939.418701171875,-700.581298828125,700.581298828125
03-05,test,2022,IND028015,Punjab,Mohali,4090.0,3939.419189453125,-150.580810546875,150.580810546875
03-05,test,2022,IND013016,Haryana,Panchkula,3830.0,3939.417236328125,109.417236328125,109.417236328125
03-05,test,2022,IND028003,Punjab,Bathinda,4950.0,3939.424560546875,-1010.575439453125,1010.575439453125
03-05,test,2022,IND028019,Punjab,Patiala,4910.0,3939.421142578125,-970.578857421875,970.578857421875
03-05,test,2022,IND028021,Punjab,Sangrur,5213.892578125,3939.42333984375,-1274.46923828125,1274.46923828125
03-05,test,2022,IND028016,Punjab,Muktsar,4690.0,3939.42431640625,-750.57568359375,750.57568359375
03-05,test,2022,IND028006,Punjab,Fazilka,4630.0,3939.42431640625,-690.57568359375,690.57568359375
03-05,test,2022,IND028002,Punjab,Barnala,5060.0,3939.424560546875,-1120.575439453125,1120.575439453125
03-05,test,2022,IND028004,Punjab,Faridkot,4380.0,3939.424560546875,-440.575439453125,440.575439453125
03-05,test,2022,IND028005,Punjab,Fatehgarh Sahib,4790.0,3939.421630859375,-850.578369140625,850.578369140625
03-05,test,2022,IND028014,Punjab,Moga,4750.0,3939.424072265625,-810.575927734375,810.575927734375
03-05,test,2022,IND028012,Punjab,Ludhiana,4590.0,3939.423095703125,-650.576904296875,650.576904296875
03-05,test,2022,IND028007,Punjab,Firozpur,4800.0,3939.423583984375,-860.576416015625,860.576416015625
03-05,test,2022,IND028020,Punjab,Rupnagar,4510.0,3939.421142578125,-570.578857421875,570.578857421875
03-05,test,2022,IND028017,Punjab,Nawan Shehar,4950.0,3939.42138671875,-1010.57861328125,1010.57861328125
03-05,test,2022,IND028010,Punjab,Jalandhar,4350.0,3939.42236328125,-410.57763671875,410.57763671875
03-05,test,2022,IND028022,Punjab,Tarn Taran,4670.0,3939.423095703125,-730.576904296875,730.576904296875
03-05,test,2022,IND028011,Punjab,Kapurthala,4460.0,3939.421875,-520.578125,520.578125
03-05,test,2022,IND028009,Punjab,Hoshiarpur,4030.0,3939.4208984375,-90.5791015625,90.5791015625
03-05,test,2022,IND028001,Punjab,Amritsar,4790.0,3939.421630859375,-850.578369140625,850.578369140625
03-05,test,2022,IND028008,Punjab,Gurdaspur,4430.0,3939.420654296875,-490.579345703125,490.579345703125
03-05,test,2022,IND028018,Punjab,Pathankot,4000.0,3939.419677734375,-60.580322265625,60.580322265625
