year,time_step,start_date,end_date,B7,B8,B8A,B12
2010,0,2010-10-01,2010-10-06,0.0675375708607868,0.3377578282870035,0.1651840258069366,0.083891948397598
2010,1,2010-10-06,2010-10-11,0.0884879194939009,0.30391521257776,0.181445289899276,0.0993935139506229
2010,2,2010-10-11,2010-10-16,0.0953700257233662,0.3120455489277423,0.1890594635877006,0.1061288880036826
2010,3,2010-10-16,2010-10-21,0.1025561618975499,0.2619422605185344,0.1900923803031907,0.1081597054505882
2010,4,2010-10-21,2010-10-26,0.1158813170221687,0.2596421858066411,0.2278253926681334,0.148045997587706
2010,5,2010-10-26,2010-10-31,0.134867656659882,0.2478748588211412,0.2642030211985929,0.1715309283488087
2010,6,2010-10-31,2010-11-05,0.1307314238078767,0.2167060749591466,0.2679467055830495,0.2063644685477445
2010,7,2010-11-05,2010-11-10,0.1373457647541161,0.2115985979690927,0.2526945156954603,0.2023155192178591
2010,8,2010-11-10,2010-11-15,0.139865203079859,0.1920296097294346,0.2495559337855671,0.2186056379053041
2010,9,2010-11-15,2010-11-20,0.1439187754688468,0.1897838483666484,0.2290724022146318,0.2127610420695793
2010,10,2010-11-20,2010-11-25,0.1226070059475267,0.1908124115132641,0.2229674132812634,0.1919716935117155
2010,11,2010-11-25,2010-11-30,0.1084023258247053,0.1809895149904379,0.2201188441361848,0.1878138388688126
2010,12,2010-11-30,2010-12-05,0.1084621595063417,0.1998970486668148,0.2039227694832166,0.1654519958055741
2010,13,2010-12-05,2010-12-10,0.0982417194166958,0.2004466729665358,0.19312247298867,0.1487062552031659
2010,14,2010-12-10,2010-12-15,0.0832858173151189,0.2283681583436373,0.1733773585933799,0.1125268470807387
2010,15,2010-12-15,2010-12-20,0.0864746465069734,0.2280947976434301,0.1744239807873893,0.1192814702210357
2010,16,2010-12-20,2010-12-25,0.0778964027891055,0.2554695616201174,0.156772110780118,0.0966113083792025
2010,17,2010-12-25,2010-12-30,0.0805911100521122,0.2419188599818773,0.1650747346867489,0.1045690777299706
2010,18,2010-12-30,2011-01-04,0.0671313146174543,0.2813108798275545,0.1534747354307055,0.0838350651532739
2010,19,2011-01-04,2011-01-09,0.0592284503262828,0.3006567058788429,0.1487445069110603,0.0773223725934372
2010,20,2011-01-09,2011-01-14,0.0498944740948715,0.3232502780082056,0.1447307049765315,0.0676779047005546
2010,21,2011-01-14,2011-01-19,0.0563662264458032,0.3071521980349916,0.1501773600812931,0.0710588219273454
2010,22,2011-01-19,2011-01-24,0.0434227217439399,0.3393483579814197,0.1392840498717699,0.0642969874737639
2010,23,2011-01-24,2011-01-29,0.0661274619422894,0.3624060028094417,0.1477359327745716,0.0683366315172472
2010,24,2011-01-29,2011-02-03,0.0998252152731084,0.363800624063338,0.1486427413192541,0.0682616811550199
2010,25,2011-02-03,2011-02-08,0.0693812071077848,0.3808239377342583,0.146922123672331,0.0674292347138811
2010,26,2011-02-08,2011-02-13,0.0648956843063062,0.4393228311580173,0.1528395798259692,0.0697290355128597
2010,27,2011-02-13,2011-02-18,0.0823604497897073,0.4015617276106776,0.1507411605726116,0.0689953583339398
2010,28,2011-02-18,2011-02-23,0.0648956843063062,0.4393228311580173,0.1528395798259692,0.0697290355128597
2010,29,2011-02-23,2011-02-28,0.0515109427774077,0.4066840494285448,0.1412818564539056,0.0663789463924909
2010,30,2011-02-28,2011-03-05,0.0381262012485093,0.3740452676990723,0.1297241330818421,0.0630288572721222
2010,31,2011-03-05,2011-03-10,0.0512394443336838,0.3513593234030351,0.1389361106618279,0.0732828841085384
2010,32,2011-03-10,2011-03-15,0.0381262012485093,0.3740452676990723,0.1297241330818421,0.0630288572721222
2010,33,2011-03-15,2011-03-20,0.0552871240631777,0.3224942746729302,0.1373554653936064,0.0741950379765375
2010,34,2011-03-20,2011-03-25,0.0643526874188584,0.328673379106998,0.1481480882418137,0.0835369109449546
2010,35,2011-03-25,2011-03-30,0.0633824835221657,0.2647641772127202,0.1341941748571634,0.0760193457125359
2010,36,2011-03-30,2011-04-04,0.0874115773936828,0.2652335294580853,0.161668654977759,0.0999530182850616
2010,37,2011-04-04,2011-04-09,0.0985006557694965,0.2447214139943527,0.1703179397819474,0.1106449003390213
2010,38,2011-04-09,2011-04-14,0.1234104828642108,0.2227751475182703,0.1940144170301116,0.1296109161437349
2010,39,2011-04-14,2011-04-19,0.1173814277139619,0.2244639330356171,0.2009297569178618,0.1392964769015952
2010,40,2011-04-19,2011-04-24,0.1302331445081786,0.2058952375942284,0.2384569139415267,0.1776336142220295
2010,41,2011-04-24,2011-04-29,0.1268218136861947,0.2143351925562493,0.2162356654858191,0.1536222651828822
2010,42,2011-04-29,2011-05-04,0.1302331445081786,0.2058952375942284,0.2384569139415267,0.1776336142220295
2011,0,2011-10-01,2011-10-06,0.0986941388417347,0.2833990508369931,0.1882816268250881,0.1090356929645664
2011,1,2011-10-06,2011-10-11,0.1176943586292252,0.2755803008139663,0.2152948114694125,0.1330555547473657
2011,2,2011-10-11,2011-10-16,0.0986941388417347,0.2833990508369931,0.1882816268250881,0.1090356929645664
2011,3,2011-10-16,2011-10-21,0.1271474761795388,0.2647781891577467,0.2394837474433602,0.16005788524611
2011,4,2011-10-21,2011-10-26,0.1366945784167158,0.2677615507909395,0.242307996113737,0.157075416530165
2011,5,2011-10-26,2011-10-31,0.146053711280166,0.2431739658453075,0.2878616193912555,0.2140625462435987
2011,6,2011-10-31,2011-11-05,0.1328021953325703,0.2164051983754191,0.2461635245224887,0.1973432218147024
2011,7,2011-11-05,2011-11-10,0.1181597572468827,0.1767565498211178,0.2324432487459208,0.2069660828778841
2011,8,2011-11-10,2011-11-15,0.1303007343865166,0.1779287270443117,0.2220412338390416,0.2112688416071622
2011,9,2011-11-15,2011-11-20,0.1246724785324909,0.1785813539169528,0.2253576864226749,0.2086128840322048
2011,10,2011-11-20,2011-11-25,0.1255569439640736,0.181058784885429,0.2215885766830626,0.2076037276115682
2011,11,2011-11-25,2011-11-30,0.1241052841313145,0.1893441518880805,0.2017093994648718,0.1750285223026609
2011,12,2011-11-30,2011-12-05,0.100953179071928,0.2205474525623934,0.1810193370170687,0.1368764488128064
2011,13,2011-12-05,2011-12-10,0.1164581740433534,0.2090449437345009,0.1614983878725115,0.1062129976892525
2011,14,2011-12-10,2011-12-15,0.0734014663329219,0.2374133741768692,0.1449540944972829,0.0896621658956831
2011,15,2011-12-15,2011-12-20,0.0608444192083573,0.2715386290672504,0.159971046495632,0.0968126211375987
2011,16,2011-12-20,2011-12-25,0.0429018057470551,0.2316565497288564,0.1133928491237054,0.0659608788601983
2011,17,2011-12-25,2011-12-30,0.0760650587639018,0.2714998719822276,0.1356784600410935,0.0754388639711735
2011,18,2011-12-30,2012-01-04,0.1552302237177521,0.2714872505897472,0.1419897815998154,0.075184682926837
2011,19,2012-01-04,2012-01-09,0.0811386052824166,0.2714869529538866,0.127580931222914,0.0683142782490318
2011,20,2012-01-09,2012-01-14,0.0452837863824427,0.3113170585430562,0.1273601629452214,0.0637972729600603
2011,21,2012-01-14,2012-01-19,0.0774961221867603,0.3039638939532582,0.1350742452199275,0.0684032298099108
2011,22,2012-01-19,2012-01-24,0.0386290714212644,0.3202022156350137,0.1316164770299836,0.0650125032514477
2011,23,2012-01-24,2012-01-29,0.0319743564600863,0.3290873727269712,0.1358727911147459,0.0662277335428352
2011,24,2012-01-29,2012-02-03,0.0335335957211101,0.3497278106200133,0.1360952595865844,0.0659923895036084
2011,25,2012-02-03,2012-02-08,0.0356443840781854,0.3599589068133086,0.138651074732075,0.0674794852880523
2011,26,2012-02-08,2012-02-13,0.035092834982134,0.3703682485130554,0.1363177280584229,0.0657570454643816
2011,27,2012-02-13,2012-02-18,0.035362798896904,0.372228828043669,0.1358326284015828,0.0662751497152699
2011,28,2012-02-18,2012-02-23,0.0398659607923359,0.3804210991998993,0.1437627050230563,0.0704536768569402
2011,29,2012-02-23,2012-02-28,0.0311296009162421,0.3658971364180525,0.1274174521232693,0.0626147268244881
2011,30,2012-02-28,2012-03-04,0.04565205150488,0.3681918944848054,0.135118906472628,0.0684360433010706
2011,31,2012-03-04,2012-03-09,0.0693197721273523,0.3841171794117711,0.148178764819386,0.0802875122595466
2011,32,2012-03-09,2012-03-14,0.0422928721835897,0.3423321629094989,0.1211167039248007,0.0603882572633078
2011,33,2012-03-14,2012-03-19,0.0620181412115188,0.3314412164876895,0.1354845922214782,0.0749512130867569
2011,34,2012-03-19,2012-03-24,0.082821913112347,0.3341731607088789,0.1492187191482413,0.0884250884762859
2011,35,2012-03-24,2012-03-29,0.0689415749305132,0.2917518272518168,0.1391835551185009,0.0820068770506154
2011,36,2012-03-29,2012-04-03,0.0536380074227863,0.2651423629206091,0.1234241809934851,0.0707039943478876
2011,37,2012-04-03,2012-04-08,0.0970135070033301,0.2253596224682805,0.1629746164074764,0.1085101681149803
2011,38,2012-04-08,2012-04-13,0.1000291856341082,0.2389863560501075,0.1786557746251644,0.1203081819655121
2011,39,2012-04-13,2012-04-18,0.1000291856341082,0.2389863560501075,0.1786557746251644,0.1203081819655121
2011,40,2012-04-18,2012-04-23,0.1232247747397692,0.2259083526148567,0.2062715714410041,0.1451102757743245
2011,41,2012-04-23,2012-04-28,0.1494360424762084,0.226457082761433,0.2495685264745319,0.1817103834336687
2011,42,2012-04-28,2012-05-03,0.1494360424762084,0.226457082761433,0.2495685264745319,0.1817103834336687
2012,0,2012-10-01,2012-10-06,0.0810152349048875,0.3052474616650608,0.1683735115246829,0.0923226511654541
2012,1,2012-10-06,2012-10-11,0.0671363683491779,0.3149693833945869,0.1536336918704239,0.0813715321909628
2012,2,2012-10-11,2012-10-16,0.0810152349048875,0.3052474616650608,0.1683735115246829,0.0923226511654541
2012,3,2012-10-16,2012-10-21,0.0948941014605972,0.2955255399355346,0.183113331178942,0.1032737701399455
2012,4,2012-10-21,2012-10-26,0.10933031055673,0.2640195660298245,0.2150462621669111,0.149496489131492
2012,5,2012-10-26,2012-10-31,0.1233949579592474,0.2470362935749037,0.2355171189324069,0.1722048081116683
2012,6,2012-10-31,2012-11-05,0.1563593744151102,0.2602743564746103,0.2909362093512618,0.2104329955034784
2012,7,2012-11-05,2012-11-10,0.118931398002035,0.1853089843145663,0.2325018162670169,0.2029076586915812
2012,8,2012-11-10,2012-11-15,0.1331896758074143,0.2023500326388679,0.2437444239378331,0.2077310420509303
2012,9,2012-11-15,2012-11-20,0.1234137724468914,0.1767171790549309,0.2276233018929975,0.2125786101667914
2012,10,2012-11-20,2012-11-25,0.1340541583656208,0.1870996107113644,0.2239163682400563,0.2050049038418704
2012,11,2012-11-25,2012-11-30,0.1138153612886356,0.1929858705531134,0.2090122113427872,0.1812829024040469
2012,12,2012-11-30,2012-12-05,0.0974743582932905,0.1909248196142133,0.2025267462635533,0.171142809394469
2012,13,2012-12-05,2012-12-10,0.0986214702688288,0.2110529296231997,0.1949657687490675,0.1556835658950898
2012,14,2012-12-10,2012-12-15,0.1003191560487401,0.2172018728319454,0.1819824289745416,0.136405286213057
2012,15,2012-12-15,2012-12-20,0.0626382083676638,0.2489854153352758,0.1714375315181192,0.1101812641309628
2012,16,2012-12-20,2012-12-25,0.0814786822082019,0.2330936440836106,0.1767099802463304,0.1232932751720099
2012,17,2012-12-25,2012-12-30,0.0681564701340147,0.2528042347380381,0.1656331986347758,0.1080900579547063
2012,18,2012-12-30,2013-01-04,0.0520751271766521,0.2706054156910845,0.1574585834648929,0.093932443825531
2012,19,2013-01-04,2013-01-09,0.0415120459856404,0.2922254160468933,0.1434796354116666,0.0776836235200993
2012,20,2013-01-09,2013-01-14,0.0415120459856404,0.2922254160468933,0.1434796354116666,0.0776836235200993
2012,21,2013-01-14,2013-01-19,0.0415120459856404,0.2922254160468933,0.1434796354116666,0.0776836235200993
2012,22,2013-01-19,2013-01-24,0.0415120459856404,0.2922254160468933,0.1434796354116666,0.0776836235200993
2012,23,2013-01-24,2013-01-29,0.0408819906184983,0.3525575337284801,0.1360057693838716,0.0679912783473309
2012,24,2013-01-29,2013-02-03,0.0402519352513563,0.4128896514100669,0.1285319033560767,0.0582989331745626
2012,25,2013-02-03,2013-02-08,0.0402519352513563,0.4128896514100669,0.1285319033560767,0.0582989331745626
2012,26,2013-02-08,2013-02-13,0.0402519352513563,0.4128896514100669,0.1285319033560767,0.0582989331745626
2012,27,2013-02-13,2013-02-18,0.0382211048827687,0.3953995924795708,0.1310171292511787,0.0606669206203288
2012,28,2013-02-18,2013-02-23,0.0419975196242269,0.392448589630149,0.1342682864235388,0.064288063855382
2012,29,2013-02-23,2013-02-28,0.0419975196242269,0.392448589630149,0.1342682864235388,0.064288063855382
2012,30,2013-02-28,2013-03-05,0.0361902745141811,0.3779095335490747,0.1335023551462808,0.0630349080660951
2012,31,2013-03-05,2013-03-10,0.0495503491071435,0.3865465839313055,0.1407706007682591,0.0715303503254884
2012,32,2013-03-10,2013-03-15,0.06172519133838,0.3641488254983078,0.1409074722038821,0.0735431014658879
2012,33,2013-03-15,2013-03-20,0.0631349470462146,0.3326662821294239,0.1415487559517979,0.0764246847145947
2012,34,2013-03-20,2013-03-25,0.0721165045568924,0.3175851983228737,0.144230889553637,0.0808879435974279
2012,35,2013-03-25,2013-03-30,0.0994349503938155,0.3279903590145435,0.1484494606971064,0.0860640460060802
2012,36,2013-03-30,2013-04-04,0.0673642141697184,0.2382186520227723,0.1434726071955455,0.0850694344607152
2012,37,2013-04-04,2013-04-09,0.1040005561113484,0.267484003118532,0.1808390118693604,0.1159216476917129
2012,38,2013-04-09,2013-04-14,0.1040005561113484,0.267484003118532,0.1808390118693604,0.1159216476917129
2012,39,2013-04-14,2013-04-19,0.1452025037705115,0.2362429983182801,0.2505949677154295,0.1766314626083433
2012,40,2013-04-19,2013-04-24,0.1452025037705115,0.2362429983182801,0.2505949677154295,0.1766314626083433
2012,41,2013-04-24,2013-04-29,0.1452025037705115,0.2362429983182801,0.2505949677154295,0.1766314626083433
2012,42,2013-04-29,2013-05-04,0.1452025037705115,0.2362429983182801,0.2505949677154295,0.1766314626083433
2013,0,2013-10-01,2013-10-06,0.0545400507280812,0.3507831409831688,0.1512578743474094,0.075731595250742
2013,1,2013-10-06,2013-10-11,0.0723025805239276,0.3121822720406639,0.1702346113051045,0.0938273265887938
2013,2,2013-10-11,2013-10-16,0.0980889827188785,0.3006921783322497,0.20372529700657,0.12287871709458
2013,3,2013-10-16,2013-10-21,0.0900651103197741,0.273581403098159,0.1892113482627997,0.1119230579268458
2013,4,2013-10-21,2013-10-26,0.1244882801313914,0.2619667274793163,0.2426375080355266,0.1675135857849063
2013,5,2013-10-26,2013-10-31,0.1496617871087802,0.2777119909154214,0.2707066684095011,0.1809814981061525
2013,6,2013-10-31,2013-11-05,0.1337379429656201,0.2346067884243684,0.267994507434279,0.2096362013217207
2013,7,2013-11-05,2013-11-10,0.1265635380851569,0.2098551319111039,0.2428571353443379,0.20480208216288
2013,8,2013-11-10,2013-11-15,0.1160305135106707,0.1818158395930867,0.2245476902655542,0.205959840153965
2013,9,2013-11-15,2013-11-20,0.1094408781288008,0.1698637884754418,0.2143080092668275,0.2044051434061132
2013,10,2013-11-20,2013-11-25,0.123946568711913,0.1852772521472014,0.2367288013455281,0.2230277278264487
2013,11,2013-11-25,2013-11-30,0.1048250374029906,0.1804822868581584,0.2127392969901886,0.1924877439288153
2013,12,2013-11-30,2013-12-05,0.1000539261628357,0.1868528004261954,0.2023420909789546,0.1784195375264924
2013,13,2013-12-05,2013-12-10,0.0908079267882092,0.1869248636350053,0.1851707225941669,0.1546856438023279
2013,14,2013-12-10,2013-12-15,0.0712492197822651,0.2117158110151706,0.162763624698062,0.1174914286687569
2013,15,2013-12-15,2013-12-20,0.0646103235742556,0.2302018214685216,0.1572068239810742,0.1094238454158648
2013,16,2013-12-20,2013-12-25,0.0614165183559183,0.2410332441775104,0.1505595470316663,0.1019345304475726
2013,17,2013-12-25,2013-12-30,0.0454799108889716,0.2581820162220357,0.1438157338659854,0.0817382834527614
2013,18,2013-12-30,2014-01-04,0.0509042368375768,0.2639845950018751,0.1370772147660825,0.0837800257396131
2013,19,2014-01-04,2014-01-09,0.048641297482569,0.2843589350134655,0.1239704392340351,0.071977270574404
2013,20,2014-01-09,2014-01-14,0.0536173889935977,0.2966389628305047,0.1373133864937504,0.0753953646839572
2013,21,2014-01-14,2014-01-19,0.0631803773073525,0.3001960437424988,0.1355562215574709,0.0698961300854843
2013,22,2014-01-19,2014-01-24,0.0598811224515188,0.3764732241726487,0.1461473230451782,0.0695851135675234
2013,23,2014-01-24,2014-01-29,0.0615307498794356,0.3383346339575738,0.1408517723013245,0.0697406218265038
2013,24,2014-01-29,2014-02-03,0.0558846420420971,0.3573364069843972,0.1400859072997331,0.0696480395364086
2013,25,2014-02-03,2014-02-08,0.0522367744094694,0.3859065886053464,0.1423507501708642,0.0695239942618708
2013,26,2014-02-08,2014-02-13,0.0449326725242465,0.4119194838926731,0.1466613990725755,0.0718944634703273
2013,27,2014-02-13,2014-02-18,0.0445924263674201,0.3953399530380441,0.1385541772965503,0.0694628749562182
2013,28,2014-02-18,2014-02-23,0.0449326725242465,0.4119194838926731,0.1466613990725755,0.0718944634703273
2013,29,2014-02-23,2014-02-28,0.045272918681073,0.428499014747302,0.1547686208486008,0.0743260519844364
2013,30,2014-02-28,2014-03-05,0.0444423576111176,0.3882593310910117,0.1423090716216564,0.070613308401101
2013,31,2014-03-05,2014-03-10,0.0472740220055795,0.381022765962469,0.1435648136069048,0.0738464678633522
2013,32,2014-03-10,2014-03-15,0.0443277646327339,0.3950991431373155,0.1455668384305972,0.0724820268355366
2013,33,2014-03-15,2014-03-20,0.0435763207632435,0.3340992134413854,0.1303466499108776,0.0661822798282128
2013,34,2014-03-20,2014-03-25,0.0559190839452678,0.366393692523873,0.1435771452375437,0.082395512805223
2013,35,2014-03-25,2014-03-30,0.0674907968149659,0.3185519430440234,0.15282700199001,0.0901077278962563
2013,36,2014-03-30,2014-04-04,0.0732815548605239,0.2994151430207004,0.1546420428798632,0.0945141531614362
2013,37,2014-04-04,2014-04-09,0.0866139388700264,0.269660799107918,0.1632262522741426,0.1034073644320015
2013,38,2014-04-09,2014-04-14,0.1070168758635579,0.2275068670096254,0.1814181240968891,0.1260714555803077
2013,39,2014-04-14,2014-04-19,0.1372220813336387,0.2538263596753068,0.2435054250786557,0.1797587454099147
2013,40,2014-04-19,2014-04-24,0.1354547543885132,0.2238112737271939,0.2340909428746588,0.1723610336505146
2013,41,2014-04-24,2014-04-29,0.1687730280291011,0.2714986792449874,0.3089105547463193,0.2396879171464514
2013,42,2014-04-29,2014-05-04,0.188251809516995,0.2766541792868097,0.3298812514012691,0.2572659562402985
2014,0,2014-10-01,2014-10-06,0.0681711258328203,0.3440281306826311,0.1562604549961963,0.0830499583262969
2014,1,2014-10-06,2014-10-11,0.1205955141008863,0.3545465163218828,0.18108794234907,0.0961767907983009
2014,2,2014-10-11,2014-10-16,0.078008639201048,0.2831343240221948,0.1679867575593511,0.0946893201063864
2014,3,2014-10-16,2014-10-21,0.1040087589466154,0.3038154951382802,0.1942382644931873,0.1156153148490784
2014,4,2014-10-21,2014-10-26,0.1116911295760811,0.2796002002591274,0.2033747865820905,0.1260646632319366
2014,5,2014-10-26,2014-10-31,0.1415773860222415,0.2577683044055652,0.2624813809792288,0.1780958417824712
2014,6,2014-10-31,2014-11-05,0.1222120021955852,0.2223461269729123,0.2330483475481686,0.1867240503200236
2014,7,2014-11-05,2014-11-10,0.1278623651824346,0.2121466924840911,0.2476223140697173,0.2029517918555253
2014,8,2014-11-10,2014-11-15,0.1129594187246849,0.1764186426285932,0.2266597675419629,0.2149796432442951
2014,9,2014-11-15,2014-11-20,0.1169697114724842,0.1857967950871848,0.2251034885678436,0.2115283114858902
2014,10,2014-11-20,2014-11-25,0.1253516691618092,0.1895824920560878,0.2270836889528775,0.2094846062459541
2014,11,2014-11-25,2014-11-30,0.1081766293563034,0.1859427521639357,0.2096868841353155,0.1882217407288557
2014,12,2014-11-30,2014-12-05,0.0988528428965224,0.1832243704674086,0.2011576614393413,0.1752840447921505
2014,13,2014-12-05,2014-12-10,0.0867495045260165,0.1946914605804044,0.1684298141745524,0.1298320978759885
2014,14,2014-12-10,2014-12-15,0.0815492888224444,0.2042493877320593,0.169299193894312,0.1309646122376433
2014,15,2014-12-15,2014-12-20,0.0590455190447944,0.2348323321483649,0.1383101060690425,0.0877776940447911
2014,16,2014-12-20,2014-12-25,0.0790706706156037,0.223826240619988,0.1484639629197546,0.0984049358208135
2014,17,2014-12-25,2014-12-30,0.0752312536603974,0.2383936306397798,0.1384810372923557,0.0826913547932261
2014,18,2014-12-30,2015-01-04,0.0914169882760004,0.2419549291311948,0.138651968515669,0.0776050155416611
2014,19,2015-01-04,2015-01-09,0.0632646184759555,0.2843448081919559,0.1343086659499651,0.0704306063973593
2014,20,2015-01-09,2015-01-14,0.0632646184759555,0.2843448081919559,0.1343086659499651,0.0704306063973593
2014,21,2015-01-14,2015-01-19,0.0351122486759107,0.326734687252717,0.1299653633842613,0.0632561972530576
2014,22,2015-01-19,2015-01-24,0.0351122486759107,0.326734687252717,0.1299653633842613,0.0632561972530576
2014,23,2015-01-24,2015-01-29,0.035010047521084,0.3515073040187899,0.1285638853688608,0.0634515332197096
2014,24,2015-01-29,2015-02-03,0.035010047521084,0.3515073040187899,0.1285638853688608,0.0634515332197096
2014,25,2015-02-03,2015-02-08,0.0580482179617102,0.4098395136508916,0.1458508349234946,0.0734274075328067
2014,26,2015-02-08,2015-02-13,0.0349078463662573,0.3762799207848629,0.1271624073534604,0.0636468691863616
2014,27,2015-02-13,2015-02-18,0.0570092412904825,0.4138174153873386,0.1485908456108971,0.0769053387560293
2014,28,2015-02-18,2015-02-23,0.0811885895571631,0.4433991065169203,0.1645392624935289,0.0832079458792519
2014,29,2015-02-23,2015-02-28,0.0549312879480273,0.4217732188602326,0.1540708669857021,0.0838612012024744
2014,30,2015-02-28,2015-03-05,0.057906151982806,0.4208888927997363,0.1499239429958843,0.0765439790490559
2014,31,2015-03-05,2015-03-10,0.0375985784432279,0.397494353022056,0.1311616995084221,0.0625627900654416
2014,32,2015-03-10,2015-03-15,0.0459255139502529,0.3748828819538004,0.1404602500785543,0.0732431202157939
2014,33,2015-03-15,2015-03-20,0.0414226269513657,0.3514377135005843,0.1336549416249804,0.0679340797224537
2014,34,2015-03-20,2015-03-25,0.0452466754595036,0.3053810739791125,0.1361481837415389,0.0733053693794659
2014,35,2015-03-25,2015-03-30,0.0683960853881041,0.262614394700332,0.1521999429506738,0.0916235353269128
2014,36,2015-03-30,2015-04-04,0.0806105146383539,0.2394440511784222,0.1672840081506081,0.1076521085183787
2014,37,2015-04-04,2015-04-09,0.0915454953167047,0.2198477154215514,0.1682517021598088,0.1099417012743597
2014,38,2015-04-09,2015-04-14,0.1226573600672985,0.2248405616435017,0.2388792841138718,0.1763096723124231
2014,39,2015-04-14,2015-04-19,0.1050393731388535,0.1931033641346027,0.1974521385504767,0.1397092549013107
2014,40,2015-04-19,2015-04-24,0.1398909012598201,0.2265737739577444,0.283644808311064,0.2177517397544969
2014,41,2015-04-24,2015-04-29,0.1541536705538158,0.2598373930601085,0.3061684874341381,0.237835993319525
2014,42,2015-04-29,2015-05-04,0.1330279816508298,0.2265048437174851,0.2624218114318929,0.1984323293251108
2015,0,2015-10-01,2015-10-06,0.059371427991084,0.3610086003134323,0.1566712932992703,0.0846427809408172
2015,1,2015-10-06,2015-10-11,0.065142460250138,0.3080995930039419,0.1516725927828848,0.0823238756372053
2015,2,2015-10-11,2015-10-16,0.0998967196429271,0.3107902157275999,0.18741358833748,0.1104287360115175
2015,3,2015-10-16,2015-10-21,0.1016872762025482,0.2892825814837966,0.1788987233494396,0.1024257611399902
2015,4,2015-10-21,2015-10-26,0.1733857141279384,0.2847700881092288,0.2624117439183256,0.1723225263280573
2015,5,2015-10-26,2015-10-31,0.1550232813218029,0.2823920879896679,0.2370102469220726,0.1553270801404399
2015,6,2015-10-31,2015-11-05,0.1899968536349223,0.2731235943759782,0.2697202734984527,0.1912329529532724
2015,7,2015-11-05,2015-11-10,0.1576689583789381,0.2433680652298216,0.2504319390798206,0.1906523859228862
2015,8,2015-11-10,2015-11-15,0.1350889585273844,0.2079619600799275,0.231509344878682,0.1969715640570945
2015,9,2015-11-15,2015-11-20,0.1096243073739537,0.172210513204258,0.2191637998226834,0.2084016784873291
2015,10,2015-11-20,2015-11-25,0.1009066930785662,0.1809091994535896,0.2051248786082267,0.1863865248253957
2015,11,2015-11-25,2015-11-30,0.1056457145732773,0.1785517726595464,0.2056439613149099,0.1912800607306821
2015,12,2015-11-30,2015-12-05,0.0874500572884678,0.1919653124969646,0.1905668746870868,0.1594778352581761
2015,13,2015-12-05,2015-12-10,0.0774726532453402,0.2157970755104178,0.1714661701469284,0.1292480943386372
2015,14,2015-12-10,2015-12-15,0.0821143224397202,0.2334891901559483,0.1697627052427182,0.1124662436739821
2015,15,2015-12-15,2015-12-20,0.0568480190425787,0.2355617178314077,0.1530977571493159,0.0953069188549914
2015,16,2015-12-20,2015-12-25,0.0553051528826572,0.2394173844082225,0.1382595523406112,0.0877094131753543
2015,17,2015-12-25,2015-12-30,0.0491490931586139,0.2484801259893709,0.1383414719092152,0.0818539175924826
2015,18,2015-12-30,2016-01-04,0.0506764317154808,0.2611994580888329,0.1376524450108927,0.0814434109658845
2015,19,2016-01-04,2016-01-09,0.0486063778411223,0.279669642097077,0.1343654580491841,0.0751835758901743
2015,20,2016-01-09,2016-01-14,0.0434735156524322,0.3028684201180862,0.1241979856061372,0.0671632293164204
2015,21,2016-01-14,2016-01-19,0.0447526910023782,0.301169176799909,0.1272726088267969,0.0694101855123214
2015,22,2016-01-19,2016-01-24,0.04274006565164,0.3144299737698334,0.1281642495146827,0.0684797741431348
2015,23,2016-01-24,2016-01-29,0.0421781795135801,0.3209694681845638,0.1232543828250695,0.0658837513303696
2015,24,2016-01-29,2016-02-03,0.0483410820737278,0.3509429309593364,0.1378450751885627,0.0739368699756877
2015,25,2016-02-03,2016-02-08,0.0367021895994257,0.3542123646796066,0.1308391715783401,0.0656885400355752
2015,26,2016-02-08,2016-02-13,0.0448226335555293,0.3569552592454461,0.1365531370391119,0.0719422196581303
2015,27,2016-02-13,2016-02-18,0.0661428771081777,0.3776469600138389,0.1594416711622786,0.0902383185611186
2015,28,2016-02-18,2016-02-23,0.0342672880009338,0.374992244103775,0.1326773225907596,0.065958268705458
2015,29,2016-02-23,2016-02-28,0.0462168775809251,0.3641411431998858,0.137089295227109,0.0719347304095019
2015,30,2016-02-28,2016-03-04,0.0481779463269397,0.3519956523869993,0.1276625738510114,0.0684760826206564
2015,31,2016-03-04,2016-03-09,0.0362793988876494,0.35192971629493,0.1285756133043867,0.0630662517507747
2015,32,2016-03-09,2016-03-14,0.0507648204444478,0.3309847746705393,0.134140064858832,0.0719194528888574
2015,33,2016-03-14,2016-03-19,0.0694041785854235,0.3139858372235868,0.1467838523473894,0.0840044403059073
2015,34,2016-03-19,2016-03-24,0.0764795893382514,0.3013158988357827,0.153157611846182,0.0891805595343243
2015,35,2016-03-24,2016-03-29,0.0678371161187545,0.2890289553296884,0.1461820074210981,0.0842160242951413
2015,36,2016-03-29,2016-04-03,0.1253222530083504,0.2629890248827298,0.1847152148130613,0.1202594025570571
2015,37,2016-04-03,2016-04-08,0.1382805608594853,0.2704439367702336,0.2319611190200599,0.1584093591580146
2015,38,2016-04-08,2016-04-13,0.128266270240897,0.2271021154083865,0.2128232758211081,0.146650043541385
2015,39,2016-04-13,2016-04-18,0.1774939229842334,0.288987948134085,0.2998595715174981,0.212398519261262
2015,40,2016-04-18,2016-04-23,0.1924832419451912,0.2841116400962785,0.3162255255275342,0.2285228061352276
2015,41,2016-04-23,2016-04-28,0.2011345160685737,0.3049382038705685,0.3389782874437227,0.2619910229858436
2015,42,2016-04-28,2016-05-03,0.190370560332666,0.292679264033644,0.3183544614962516,0.2343041161274444
2016,0,2016-10-01,2016-10-06,0.0989198394390802,0.3719267446385018,0.1719681171455452,0.0902900921495819
2016,1,2016-10-06,2016-10-11,0.0739712473175205,0.3135549811569744,0.1562981714006272,0.0866730604981015
2016,2,2016-10-11,2016-10-16,0.0957864981768417,0.3045695639819121,0.1724998360108144,0.0967146600519041
2016,3,2016-10-16,2016-10-21,0.107445228002101,0.2871811837135429,0.1923920275592975,0.1165088447878847
2016,4,2016-10-21,2016-10-26,0.1089218126238827,0.2757771545422918,0.2038452532760536,0.1334575983074844
2016,5,2016-10-26,2016-10-31,0.1334919621100831,0.2613778750556829,0.2537246376411464,0.1725627415096037
2016,6,2016-10-31,2016-11-05,0.1339141275128673,0.2122021688033466,0.2443115937683828,0.1948286846899283
2016,7,2016-11-05,2016-11-10,0.1291306970890118,0.2021469978902965,0.2316307272144769,0.1970815511664005
2016,8,2016-11-10,2016-11-15,0.135915933159511,0.1777283200125128,0.2201787585716781,0.2059170050324223
2016,9,2016-11-15,2016-11-20,0.1256453277143255,0.1786317246848917,0.2263877820670407,0.215559965993734
2016,10,2016-11-20,2016-11-25,0.1166861349482722,0.1807949008950488,0.2135508640241366,0.1965393586063146
2016,11,2016-11-25,2016-11-30,0.0997008503350512,0.1769123790358816,0.2047792644651062,0.1849448887662538
2016,12,2016-11-30,2016-12-05,0.1134099964081097,0.1968949468371664,0.1992606242921905,0.169922551142182
2016,13,2016-12-05,2016-12-10,0.0913516721475998,0.194839702607366,0.1745483506166308,0.1375941841596538
2016,14,2016-12-10,2016-12-15,0.1336659968952997,0.2532960269626438,0.1770368602880382,0.114974358184954
2016,15,2016-12-15,2016-12-20,0.0882916651259188,0.2572849797212769,0.1615559379748468,0.1043704667306092
2016,16,2016-12-20,2016-12-25,0.047925935495874,0.2504652446513724,0.1389375795290395,0.0822097456908375
2016,17,2016-12-25,2016-12-30,0.0872716627853585,0.2781000720925806,0.1572251337609188,0.0932958942542611
2016,18,2016-12-30,2017-01-04,0.0802230559649018,0.3305389446637255,0.1557009614656787,0.0827035788869918
2016,19,2017-01-04,2017-01-09,0.0535049395467034,0.3293716057074549,0.1446578025588494,0.0763408789359372
2016,20,2017-01-09,2017-01-14,0.0553646075636465,0.3556737260594824,0.1465645435687861,0.0743845900176371
2016,21,2017-01-14,2017-01-19,0.043908543532346,0.3857580321478387,0.1505833215510278,0.073702888688183
2016,22,2017-01-19,2017-01-24,0.0419622231936918,0.3507242013668831,0.1334093476896519,0.0667473024777365
2016,23,2017-01-24,2017-01-29,0.0538124320577631,0.3909514093545611,0.1458901657106243,0.0709913508387074
2016,24,2017-01-29,2017-02-03,0.0927796427731199,0.4425751933374646,0.1613183116574123,0.0795597617244127
2016,25,2017-02-03,2017-02-08,0.0365993187318949,0.3847482105660577,0.1382496819444052,0.0639554504644975
2016,26,2017-02-08,2017-02-13,0.0525734128674243,0.3967991922766418,0.1427651460866202,0.0715834566940617
2016,27,2017-02-13,2017-02-18,0.0463158368973924,0.3826644017443915,0.1410246551127816,0.0751556516307921
2016,28,2017-02-18,2017-02-23,0.0391272686605808,0.3762869890202558,0.1331229127231565,0.0680765837958232
2016,29,2017-02-23,2017-02-28,0.0345988530672901,0.3772089634586537,0.1304679356318817,0.0676629629565448
2016,30,2017-02-28,2017-03-05,0.0389950659457459,0.3605263803119206,0.1227493782035576,0.0655322701314587
2016,31,2017-03-05,2017-03-10,0.0525240797102415,0.3535601630002279,0.1337589716553063,0.0723275028521482
2016,32,2017-03-10,2017-03-15,0.0475753018672524,0.3761573376822718,0.1325763485995774,0.0670108950663562
2016,33,2017-03-15,2017-03-20,0.0597799502828318,0.3237200527765469,0.132097385675117,0.0754077010201698
2016,34,2017-03-20,2017-03-25,0.0816712273880873,0.3301880807717469,0.1509038101663981,0.0860236850862115
2016,35,2017-03-25,2017-03-30,0.0780076071480577,0.2765950733057318,0.1523964628943762,0.0931832030549596
2016,36,2017-03-30,2017-04-04,0.0887722427105113,0.2918041014221039,0.1662947507394276,0.1047648953264456
2016,37,2017-04-04,2017-04-09,0.1191331194183536,0.2819229996173066,0.2103436031564224,0.1420822030543001
2016,38,2017-04-09,2017-04-14,0.1356301860230687,0.2367131988343902,0.2297813442218194,0.1644449921444417
2016,39,2017-04-14,2017-04-19,0.169361801414577,0.266167021320191,0.2887849174566066,0.2179256714435779
2016,40,2017-04-19,2017-04-24,0.1812234571142009,0.2841956455573576,0.3082927953430963,0.2246769319315877
2016,41,2017-04-24,2017-04-29,0.1764601752479886,0.2621605967549209,0.3097902876081219,0.2425498308429959
2016,42,2017-04-29,2017-05-04,0.1841333872730501,0.2815986441340952,0.3072752426533891,0.2400309308552866
2017,0,2017-10-01,2017-10-06,0.0626223930700542,0.3178117550716194,0.1500370830610612,0.0786600887258228
2017,1,2017-10-06,2017-10-11,0.0664013068983035,0.3271667256093854,0.1558515136718558,0.0867975874805332
2017,2,2017-10-11,2017-10-16,0.0835156134270954,0.2848245087041873,0.1628135099360626,0.0938611056668395
2017,3,2017-10-16,2017-10-21,0.1044512930534859,0.2889936653726471,0.1852126014255857,0.1132571810169455
2017,4,2017-10-21,2017-10-26,0.1150502658848883,0.2615096128805754,0.1994484999961115,0.1253175703300973
2017,5,2017-10-26,2017-10-31,0.1946668859870884,0.253655724597468,0.2579124004628377,0.181649552881435
2017,6,2017-10-31,2017-11-05,0.1548585759359883,0.2575826687390217,0.2286804502294745,0.1534835616057661
2017,7,2017-11-05,2017-11-10,0.141444597762664,0.2320271101570333,0.2255780911745509,0.1686402394333
2017,8,2017-11-10,2017-11-15,0.1546417637015519,0.2172858587952623,0.2386428867637706,0.1903015739849013
2017,9,2017-11-15,2017-11-20,0.1126407043711727,0.1866432651466736,0.21728852638966,0.1937484927658017
2017,10,2017-11-20,2017-11-25,0.1146166414160154,0.1809159929930567,0.2193733730647036,0.1989535950883677
2017,11,2017-11-25,2017-11-30,0.1041440900775881,0.1918355378254404,0.2080788516756229,0.1804721018230364
2017,12,2017-11-30,2017-12-05,0.11066476732633,0.1923705373002905,0.2152036797146164,0.1885433904432358
2017,13,2017-12-05,2017-12-10,0.0871508614904191,0.2022200831829741,0.1896595022475488,0.1539193199375058
2017,14,2017-12-10,2017-12-15,0.0829024884512352,0.2248290753408711,0.1766902332344801,0.1331383592969273
2017,15,2017-12-15,2017-12-20,0.0654736425817263,0.2121370038930752,0.1530929858960142,0.105732971101569
2017,16,2017-12-20,2017-12-25,0.0861293016519496,0.2508260294716997,0.1668801444342697,0.111964194835687
2017,17,2017-12-25,2017-12-30,0.0650938692057511,0.266591722856316,0.1586148538799517,0.1055319201666392
2017,18,2017-12-30,2018-01-04,0.0511436431969584,0.263348318312005,0.1235221863190965,0.0753033499691026
2017,19,2018-01-04,2018-01-09,0.0592637693977907,0.2754376241491942,0.1436295310790546,0.0879661102770775
2017,20,2018-01-09,2018-01-14,0.0445106347623883,0.2764126287326332,0.1323316796706964,0.073417947654452
2017,21,2018-01-14,2018-01-19,0.0494413981719063,0.3200094213733172,0.1367987910912592,0.073613138759507
2017,22,2018-01-19,2018-01-24,0.0452871406692859,0.3273628697158643,0.1386221555632056,0.0735849555218589
2017,23,2018-01-24,2018-01-29,0.0449376413150836,0.3381988785047033,0.1398776625540171,0.0735908995139508
2017,24,2018-01-29,2018-02-03,0.0475188839586478,0.3455658362445817,0.1398536638237795,0.0757618494322632
2017,25,2018-02-03,2018-02-08,0.0396776457842013,0.3674635925129252,0.1455044876670874,0.0715468862412135
2017,26,2018-02-08,2018-02-13,0.0435396438982748,0.3815429136600594,0.1448996905172634,0.0736146754823185
2017,27,2018-02-13,2018-02-18,0.0421765478354648,0.3737315921805781,0.1416494662627975,0.0722707424344766
2017,28,2018-02-18,2018-02-23,0.0405579421945185,0.3870920301811506,0.1385886463998755,0.0700769699392282
2017,29,2018-02-23,2018-02-28,0.0395886233416821,0.3869935883041735,0.1394008429059819,0.07035333107736
2017,30,2018-02-28,2018-03-05,0.0415500142458918,0.3652162558581373,0.1331505055779452,0.0692659333957195
2017,31,2018-03-05,2018-03-10,0.0347590167415418,0.3565587994992318,0.122117980051926,0.0635063839872235
2017,32,2018-03-10,2018-03-15,0.0512944747058251,0.3302206054479933,0.1324945529539976,0.0731270485790664
2017,33,2018-03-15,2018-03-20,0.0559076668695476,0.3023661193839573,0.1324670243615837,0.0753857186207481
2017,34,2018-03-20,2018-03-25,0.060204636274871,0.2886505472532453,0.1329099358950474,0.0747757148082284
2017,35,2018-03-25,2018-03-30,0.0736280508461731,0.2665089829933573,0.1463163566235454,0.0895103560248193
2017,36,2018-03-30,2018-04-04,0.0773725397559528,0.2340345253353591,0.142345628545364,0.0901337271084742
2017,37,2018-04-04,2018-04-09,0.1056405526480438,0.2131302539368315,0.1775153090997727,0.1200049336035083
2017,38,2018-04-09,2018-04-14,0.1325757735244678,0.2417472243480695,0.2358714470120619,0.1707898387807223
2017,39,2018-04-14,2018-04-19,0.1281168816060775,0.2084048576399398,0.2268338832367331,0.1649178389038926
2017,40,2018-04-19,2018-04-24,0.1646575408413171,0.2728257084039007,0.3033871767183467,0.229511007893826
2017,41,2018-04-24,2018-04-29,0.187091352770948,0.2803407764243166,0.3292752374600929,0.2493816863939107
2017,42,2018-04-29,2018-05-04,0.1599552584061142,0.2538571141560524,0.2864987658050575,0.2146035110638764
2018,0,2018-10-01,2018-10-06,0.0588016477976307,0.3546346901090427,0.155382432505169,0.0780807991519855
2018,1,2018-10-06,2018-10-11,0.0788367681420338,0.3312141540532434,0.1601870443975374,0.0879238111262208
2018,2,2018-10-11,2018-10-16,0.0882231197993705,0.3190906909747322,0.1753957264675199,0.1002021376313835
2018,3,2018-10-16,2018-10-21,0.1069725895367947,0.3169539676267451,0.1909269438476647,0.1116612871616456
2018,4,2018-10-21,2018-10-26,0.108281473721023,0.2735599521098977,0.1950864851197087,0.1231426530856824
2018,5,2018-10-26,2018-10-31,0.1343629591066956,0.2542788433225461,0.2214798106023904,0.1572978495008052
2018,6,2018-10-31,2018-11-05,0.1594797820501711,0.252408476422588,0.2551092053922025,0.1795421141114161
2018,7,2018-11-05,2018-11-10,0.1666821054827916,0.2158975480191186,0.2320931418510487,0.1820248747956328
2018,8,2018-11-10,2018-11-15,0.1303988447426978,0.212574272434381,0.2341832768013274,0.1901183183496492
2018,9,2018-11-15,2018-11-20,0.114357746095217,0.1790571373354997,0.2213109057064529,0.1987053628983706
2018,10,2018-11-20,2018-11-25,0.1255216393912528,0.1963135493843644,0.22011301433559,0.1858508710170317
2018,11,2018-11-25,2018-11-30,0.1079836398767132,0.1815170167291859,0.2186209953391686,0.1963255318188689
2018,12,2018-11-30,2018-12-05,0.1081858607588445,0.192521772403637,0.1943567519799523,0.1620802672226373
2018,13,2018-12-05,2018-12-10,0.0916446066150918,0.2103216156718493,0.181952098690683,0.1409597132906415
2018,14,2018-12-10,2018-12-15,0.0897476471858176,0.2203629384618249,0.1751129146626118,0.1306312712832457
2018,15,2018-12-15,2018-12-20,0.0664132843779285,0.2192023414188954,0.1521549762308462,0.1032928796984046
2018,16,2018-12-20,2018-12-25,0.0839956414468812,0.2480453321356789,0.1626756712127651,0.1021401744226552
2018,17,2018-12-25,2018-12-30,0.082159809468721,0.2605282296217274,0.147756178550327,0.0893175032536627
2018,18,2018-12-30,2019-01-04,0.0779744175079116,0.2552682502033253,0.1517158133658691,0.093392279461
2018,19,2019-01-04,2019-01-09,0.0818281285512393,0.2672902197981353,0.15156942574421,0.0900920793818652
2018,20,2019-01-09,2019-01-14,0.0793289347381158,0.2932970976369996,0.1442764274695381,0.0788185604692778
2018,21,2019-01-14,2019-01-19,0.0526020338055434,0.3301228758939742,0.1382084590967081,0.071313673740033
2018,22,2019-01-19,2019-01-24,0.0558052258541359,0.3343540094290984,0.1373904201510743,0.0705693708575554
2018,23,2019-01-24,2019-01-29,0.0362757020793269,0.355012583641119,0.1355214204343229,0.0634022704568375
2018,24,2019-01-29,2019-02-03,0.0422014645991876,0.3420589464038039,0.1348275293862634,0.0717201902939837
2018,25,2019-02-03,2019-02-08,0.0654148019999135,0.347047410034471,0.1349363033141728,0.0683364622101229
2018,26,2019-02-08,2019-02-13,0.047963989559476,0.3480396466931312,0.135095084378253,0.0678196409869813
2018,27,2019-02-13,2019-02-18,0.0472758999043803,0.3627925452969942,0.138164342695281,0.0697865462066076
2018,28,2019-02-18,2019-02-23,0.0451128435626206,0.3748749528374271,0.1352680355856701,0.0676342603359365
2018,29,2019-02-23,2019-02-28,0.0359676419073887,0.3940030091632525,0.1379016437790502,0.0683898590053798
2018,30,2019-02-28,2019-03-05,0.03421143311404,0.3992712794527078,0.1447291953854067,0.0693029861157164
2018,31,2019-03-05,2019-03-10,0.0357122955739085,0.3783061690251029,0.1261386080574308,0.0652633326819704
2018,32,2019-03-10,2019-03-15,0.0379791970342177,0.404431579011947,0.1428371278943132,0.0706032582184527
2018,33,2019-03-15,2019-03-20,0.0419418875855058,0.361130197577331,0.1290527587122721,0.0683120268576994
2018,34,2019-03-20,2019-03-25,0.0447069432431795,0.3479793642323214,0.1324549175313366,0.0702515352849411
2018,35,2019-03-25,2019-03-30,0.053032927020806,0.3260039520342968,0.1340522886242791,0.0706757652011394
2018,36,2019-03-30,2019-04-04,0.0548684090014599,0.2700249235129294,0.1301938043683882,0.0764032934654438
2018,37,2019-04-04,2019-04-09,0.0856139198584023,0.2514861508176899,0.1586519181273275,0.0987857365375144
2018,38,2019-04-09,2019-04-14,0.0902675659227647,0.230992859047421,0.1583789560463437,0.1036014602815291
2018,39,2019-04-14,2019-04-19,0.1120212613051373,0.2065931822323966,0.16940474469443,0.1050655677212951
2018,40,2019-04-19,2019-04-24,0.1178794360418438,0.223815837261406,0.2012297969031967,0.1381825960181645
2018,41,2019-04-24,2019-04-29,0.1516411564385884,0.2485688204856075,0.2722022479057223,0.1990031291700305
2018,42,2019-04-29,2019-05-04,0.1271806179285231,0.2263259466598033,0.2142789298344496,0.1474170976364966
2019,0,2019-10-01,2019-10-06,0.08214416644798,0.3114225869993827,0.1684446710654801,0.0927335433263978
2019,1,2019-10-06,2019-10-11,0.08214416644798,0.3114225869993827,0.1684446710654801,0.0927335433263978
2019,2,2019-10-11,2019-10-16,0.0745520397646034,0.3267682462799374,0.1596401592073402,0.0839756299317618
2019,3,2019-10-16,2019-10-21,0.0897362931313567,0.296076927718828,0.1772491829236201,0.1014914567210338
2019,4,2019-10-21,2019-10-26,0.1069409560092787,0.2614786149326144,0.2111544359093924,0.1433306441843211
2019,5,2019-10-26,2019-10-31,0.1299772436660525,0.2662763779689957,0.236237151374291,0.1559971997372303
2019,6,2019-10-31,2019-11-05,0.1129749455094879,0.2096402579009246,0.2332365495474442,0.1782006267235648
2019,7,2019-11-05,2019-11-10,0.1274642579748933,0.2086312647943862,0.2494091364942667,0.196988307808015
2019,8,2019-11-10,2019-11-15,0.1135591636365667,0.2210669223476772,0.2232412028691046,0.1635731049704908
2019,9,2019-11-15,2019-11-20,0.1080864702934048,0.2059971038072377,0.2189092200340425,0.166098406714911
2019,10,2019-11-20,2019-11-25,0.1008399406201948,0.2131502751044811,0.2072827186125723,0.1556297098250726
2019,11,2019-11-25,2019-11-30,0.0838202073958334,0.1997197887264024,0.1740819740604167,0.1231062856131534
2019,12,2019-11-30,2019-12-05,0.0792082775450189,0.2311217909939119,0.1766762555339632,0.122034029241039
2019,13,2019-12-05,2019-12-10,0.0912353564898579,0.2310997717926548,0.1983570452830335,0.1467945360540495
2019,14,2019-12-10,2019-12-15,0.0792082775450189,0.2311217909939119,0.1766762555339632,0.122034029241039
2019,15,2019-12-15,2019-12-20,0.0625692687493655,0.2625458124626785,0.1575897472584396,0.0962012660559144
2019,16,2019-12-20,2019-12-25,0.0769023126196117,0.2468227921276666,0.1779733962707365,0.1214979010549819
2019,17,2019-12-25,2019-12-30,0.0625692687493655,0.2625458124626785,0.1575897472584396,0.0962012660559144
2019,18,2019-12-30,2020-01-04,0.0625692687493655,0.2625458124626785,0.1575897472584396,0.0962012660559144
2019,19,2020-01-04,2020-01-09,0.0351479832257849,0.3549168228462721,0.1332305447248351,0.0681934593819487
2019,20,2020-01-09,2020-01-14,0.0334429880899293,0.3692686687840839,0.1390731151259846,0.0680877160650729
2019,21,2020-01-14,2020-01-19,0.0334429880899293,0.3692686687840839,0.1390731151259846,0.0680877160650729
2019,22,2020-01-19,2020-01-24,0.0351479832257849,0.3549168228462721,0.1332305447248351,0.0681934593819487
2019,23,2020-01-24,2020-01-29,0.0317379929540738,0.3836205147218957,0.1449156855271342,0.0679819727481971
2019,24,2020-01-29,2020-02-03,0.0359499437075526,0.3939933113577231,0.1400541125266215,0.0677061896947047
2019,25,2020-02-03,2020-02-08,0.0359499437075526,0.3939933113577231,0.1400541125266215,0.0677061896947047
2019,26,2020-02-08,2020-02-13,0.0414250368256756,0.4144832420738935,0.1381151243423072,0.0658587274159136
2019,27,2020-02-13,2020-02-18,0.0354887618246761,0.4229526657888314,0.1439550955122095,0.0687905992327595
2019,28,2020-02-18,2020-02-23,0.0404725486307838,0.4132785547185372,0.1355911382715243,0.0658571376916463
2019,29,2020-02-23,2020-02-28,0.0449974930238189,0.4157384990133574,0.136516952695319,0.0666438750321161
2019,30,2020-02-28,2020-03-04,0.0405673958391112,0.410950396454831,0.1288749125972974,0.0611484847307744
2019,31,2020-03-04,2020-03-09,0.0398840556406372,0.4022679702617729,0.1304936062104886,0.0668440020466683
2019,32,2020-03-09,2020-03-14,0.0483951502379875,0.3802284143203017,0.1315893181378215,0.0643194011851463
2019,33,2020-03-14,2020-03-19,0.0492445645415297,0.3713508931470378,0.1303574094984472,0.0637382827234039
2019,34,2020-03-19,2020-03-24,0.0543348827337398,0.3540339859414448,0.1282108105138172,0.0626097412200796
2019,35,2020-03-24,2020-03-29,0.0621919239526306,0.3181512199301026,0.1338503086721856,0.0643509028960934
2019,36,2020-03-29,2020-04-03,0.0653683861544399,0.3074019198165825,0.1380858514065246,0.0729641803545176
2019,37,2020-04-03,2020-04-08,0.0795783517769494,0.2500205535782001,0.1521964350335712,0.0919318969473799
2019,38,2020-04-08,2020-04-13,0.0996952978726539,0.2843406171888027,0.1897551069641801,0.1178345872415179
2019,39,2020-04-13,2020-04-18,0.1433225386055799,0.275370422654925,0.2596269966095403,0.177873967037131
2019,40,2020-04-18,2020-04-23,0.1573156178883819,0.2848500780581056,0.2832185771867836,0.1972209618810806
2019,41,2020-04-23,2020-04-28,0.1751946320198951,0.2880453571932874,0.3133422773975249,0.2208450020820065
2019,42,2020-04-28,2020-05-03,0.1930736461514084,0.2912406363284693,0.3434659776082662,0.2444690422829326
2020,0,2020-10-01,2020-10-06,0.0581304705010962,0.3415922790038326,0.1443390712911617,0.0776027222672903
2020,1,2020-10-06,2020-10-11,0.0720749924406095,0.3490304559244261,0.1556063755250448,0.0806613802486169
2020,2,2020-10-11,2020-10-16,0.0874349231972688,0.3040591126706571,0.1593144308436413,0.0880759707918776
2020,3,2020-10-16,2020-10-21,0.0914657572063272,0.3072029366065881,0.1775162716876323,0.1064788393299856
2020,4,2020-10-21,2020-10-26,0.1082754639965188,0.2856138921090459,0.1892265691244238,0.1152235773937323
2020,5,2020-10-26,2020-10-31,0.1314129358961431,0.255718943324979,0.2390949116538899,0.1708305459484113
2020,6,2020-10-31,2020-11-05,0.1259180900239324,0.2497844200700147,0.2226683389243921,0.161724580974997
2020,7,2020-11-05,2020-11-10,0.1380658701791355,0.2080204247760193,0.2396835359948627,0.1991196195828475
2020,8,2020-11-10,2020-11-15,0.1303301193980869,0.2207305698936849,0.2381422436526641,0.1935251534040306
2020,9,2020-11-15,2020-11-20,0.1254140702173883,0.2070694504060678,0.2318792331172633,0.1972771494731986
2020,10,2020-11-20,2020-11-25,0.1215115521189822,0.1984523415800564,0.2356482833092398,0.210625294680833
2020,11,2020-11-25,2020-11-30,0.1085621429146309,0.2114636065009559,0.2124065712280445,0.174600536456197
2020,12,2020-11-30,2020-12-05,0.1166647883540472,0.2147355848621278,0.2203058800476873,0.1820865341559154
2020,13,2020-12-05,2020-12-10,0.0875100882708633,0.2212028930606837,0.1812655503272066,0.1310897805318428
2020,14,2020-12-10,2020-12-15,0.0894383341340898,0.2314623164557654,0.1781374827292074,0.1312350530412239
2020,15,2020-12-15,2020-12-20,0.0894383341340898,0.2314623164557654,0.1781374827292074,0.1312350530412239
2020,16,2020-12-20,2020-12-25,0.0641401257773591,0.2584484714444849,0.1328410178127286,0.0805288444359135
2020,17,2020-12-25,2020-12-30,0.0641401257773591,0.2584484714444849,0.1328410178127286,0.0805288444359135
2020,18,2020-12-30,2021-01-04,0.0618639672881931,0.3048005453227754,0.1477039849865843,0.0848509837344137
2020,19,2021-01-04,2021-01-09,0.0618639672881931,0.3048005453227754,0.1477039849865843,0.0848509837344137
2020,20,2021-01-09,2021-01-14,0.0579964596946227,0.3547437429736368,0.1545963925138447,0.0848669680541616
2020,21,2021-01-14,2021-01-19,0.0595878087990271,0.3511526192010659,0.16256695216044,0.089173123032914
2020,22,2021-01-19,2021-01-24,0.0654653531067831,0.3666003685251983,0.1550021320376607,0.083786722192643
2020,23,2021-01-24,2021-01-29,0.0564051105902184,0.3583348667462079,0.1466258328672494,0.0805608130754094
2020,24,2021-01-29,2021-02-03,0.0852986794161257,0.3756899318894129,0.1478545749052856,0.0749074441536055
2020,25,2021-02-03,2021-02-08,0.0605698136217612,0.3812240562641067,0.1629611682176681,0.0905055085086432
2020,26,2021-02-08,2021-02-13,0.056399948418919,0.3947546327503634,0.1426386214647005,0.076258737217225
2020,27,2021-02-13,2021-02-18,0.135122069771613,0.40813849478712,0.2059874925078502,0.1339158324296
2020,28,2021-02-18,2021-02-23,0.4305550819287048,0.5300527819394245,0.4461514872888913,0.3607754342056414
2020,29,2021-02-23,2021-02-28,0.0427868254725546,0.3589710710922925,0.1303316106627057,0.067132038062885
2020,30,2021-02-28,2021-03-05,0.137193946818895,0.3744339010421268,0.196699208064311,0.1313134841298842
2020,31,2021-03-05,2021-03-10,0.0460367342561737,0.3366472690090937,0.1177835511308216,0.0589853246347017
2020,32,2021-03-10,2021-03-15,0.0534954359727914,0.3025510335945982,0.1240528460360956,0.0691223542588041
2020,33,2021-03-15,2021-03-20,0.1130956564642508,0.3439473495752254,0.1651765452030412,0.1005522694873889
2020,34,2021-03-20,2021-03-25,0.0889418533635862,0.2936770022631374,0.1569844095408441,0.097072890742332
2020,35,2021-03-25,2021-03-30,0.0996681331404393,0.2829344355766484,0.1667846241433497,0.1065947822692395
2020,36,2021-03-30,2021-04-04,0.1004971980945605,0.2440458060114997,0.1689532925324327,0.111670769528142
2020,37,2021-04-04,2021-04-09,0.1315842420301549,0.2411935531252702,0.2089558128018296,0.1450337358026233
2020,38,2021-04-09,2021-04-14,0.1413170129122667,0.2625809533771727,0.2370840612879572,0.1720650087828219
2020,39,2021-04-14,2021-04-19,0.1413170129122667,0.2625809533771727,0.2370840612879572,0.1720650087828219
2020,40,2021-04-19,2021-04-24,0.1617269203211198,0.2718485270600093,0.2711494456657195,0.2022621284101619
2020,41,2021-04-24,2021-04-29,0.1918695986120848,0.3025035009947484,0.3333430785296094,0.2594905210177005
2020,42,2021-04-29,2021-05-04,0.1918695986120848,0.3025035009947484,0.3333430785296094,0.2594905210177005
2021,0,2021-10-01,2021-10-06,0.0563162221531706,0.4064762550578978,0.1709782648296428,0.0832777813034625
2021,1,2021-10-06,2021-10-11,0.0650352832842219,0.3337909546418079,0.1610268355209625,0.0843891938196682
2021,2,2021-10-11,2021-10-16,0.0606757527186962,0.3701336048498528,0.1660025501753026,0.0838334875615653
2021,3,2021-10-16,2021-10-21,0.087963806578456,0.3346183933170026,0.198752632180502,0.1166521596139816
2021,4,2021-10-21,2021-10-26,0.1091297537459787,0.2611116124098789,0.2137453512696275,0.1491574213302129
2021,5,2021-10-26,2021-10-31,0.1311769889768571,0.2247719412939144,0.2401046091439601,0.1815415350854853
2021,6,2021-10-31,2021-11-05,0.1425399142979757,0.2635879702513022,0.264252796190901,0.1822895037188142
2021,7,2021-11-05,2021-11-10,0.1198140636557386,0.1859559123365267,0.2159564220970193,0.1807935664521564
2021,8,2021-11-10,2021-11-15,0.1200272879198547,0.1955534175464037,0.2208338110648545,0.1840863004307823
2021,9,2021-11-15,2021-11-20,0.1101291843149933,0.1661167388507744,0.2055748094171418,0.1930674910641716
2021,10,2021-11-20,2021-11-25,0.1070601000876597,0.1751752335297749,0.2030402901786852,0.1787405495127265
2021,11,2021-11-25,2021-11-30,0.1076259894107112,0.1665530487470115,0.1975512165543561,0.1801946404879871
2021,12,2021-11-30,2021-12-05,0.0906711629691959,0.1820752341847872,0.1930787126462238,0.1609065000465911
2021,13,2021-12-05,2021-12-10,0.0809323118767611,0.1945469733875398,0.1695774816085124,0.1335873361712927
2021,14,2021-12-10,2021-12-15,0.0752212710672716,0.197793496952122,0.1592636278340821,0.1207296838717644
2021,15,2021-12-15,2021-12-20,0.0623212644658777,0.2044219586756631,0.1407679851003734,0.0964607299281333
2021,16,2021-12-20,2021-12-25,0.0688218714707493,0.2218911283781156,0.1572258659075267,0.1096451265219876
2021,17,2021-12-25,2021-12-30,0.0519794872466724,0.2334013690223284,0.1336716995711348,0.0803918672262909
2021,18,2021-12-30,2022-01-04,0.0610408743944331,0.2199048186920356,0.1438885168596783,0.0954992412254706
2021,19,2022-01-04,2022-01-09,0.0604006793587108,0.227646248700222,0.1454487827393307,0.0950184968741392
2021,20,2022-01-09,2022-01-14,0.0471284786700594,0.2915973900573044,0.1366550205235152,0.0754185926298685
2021,21,2022-01-14,2022-01-19,0.043645988899588,0.355740241293291,0.1422938410364884,0.0716200818993102
2021,22,2022-01-19,2022-01-24,0.043645988899588,0.355740241293291,0.1422938410364884,0.0716200818993102
2021,23,2022-01-24,2022-01-29,0.0422774700934465,0.3497934110922804,0.1396383414758956,0.0704453180334461
2021,24,2022-01-29,2022-02-03,0.0450145077057297,0.3616870714943018,0.1449493405970813,0.0727948457651744
2021,25,2022-02-03,2022-02-08,0.0446052601471328,0.3710118461094336,0.1448697907353979,0.0741741319960759
2021,26,2022-02-08,2022-02-13,0.0446052601471328,0.3710118461094336,0.1448697907353979,0.0741741319960759
2021,27,2022-02-13,2022-02-18,0.0464808218231442,0.3798656155128131,0.1460946287142857,0.0745849442942844
2021,28,2022-02-18,2022-02-23,0.044648240966211,0.3927012863383393,0.148796852154329,0.078871419891399
2021,29,2022-02-23,2022-02-28,0.0439699564468042,0.3777077788908517,0.1380921503808666,0.07284216818826
2021,30,2022-02-28,2022-03-05,0.0424200286361411,0.3830831618756295,0.137111284221275,0.0717495219510394
2021,31,2022-03-05,2022-03-10,0.0402477352647781,0.3573979785135863,0.1232592319675059,0.0656736538310198
2021,32,2022-03-10,2022-03-15,0.0460529555437466,0.3754908522138904,0.1351987548469377,0.0733313009735575
2021,33,2022-03-15,2022-03-20,0.045178108879118,0.3039337631800963,0.1197665531642428,0.0651119149104553
2021,34,2022-03-20,2022-03-25,0.0552321150021425,0.3005601481232965,0.1359645675368243,0.0808480360466371
2021,35,2022-03-25,2022-03-30,0.0577097970157022,0.2506638186715195,0.1319027369417532,0.0818835051340381
2021,36,2022-03-30,2022-04-04,0.0869719783073677,0.2153143280373901,0.169695560763682,0.118239805384115
2021,37,2022-04-04,2022-04-09,0.1314528053529459,0.2663006359231122,0.2387159230290172,0.1662680852301576
2021,38,2022-04-09,2022-04-14,0.1300888945533688,0.2401437815787109,0.2317078651888487,0.1616058148112167
2021,39,2022-04-14,2022-04-19,0.1791301701195899,0.300102726906333,0.3201473914566634,0.2269557003222386
2021,40,2022-04-19,2022-04-24,0.2033631867687012,0.3252785244216077,0.3401260607941391,0.2426556004991799
2021,41,2022-04-24,2022-04-29,0.2027055034867785,0.3201623489022926,0.359176731733377,0.2712750990155482
2021,42,2022-04-29,2022-05-04,0.1950662867916898,0.3151812000767444,0.3398167279947264,0.2469621332789889
2022,0,2022-10-01,2022-10-06,0.0560535899050371,0.3537326630512619,0.1512610796716619,0.0784137048667249
2022,1,2022-10-06,2022-10-11,0.0695547262080718,0.3247753710626888,0.1607201013894672,0.0872568192019408
2022,2,2022-10-11,2022-10-16,0.0556674157174661,0.3295310471856573,0.1498187503270982,0.0753632561869605
2022,3,2022-10-16,2022-10-21,0.0969431730017124,0.2910624029511472,0.1810804741696417,0.1079934965521372
2022,4,2022-10-21,2022-10-26,0.0985975876134697,0.2728151047252699,0.1984240524086353,0.1284598303078198
2022,5,2022-10-26,2022-10-31,0.119994201269321,0.2602418891441694,0.2244781210820724,0.1481502526121518
2022,6,2022-10-31,2022-11-05,0.1108094145677306,0.232938613798558,0.2154228227441883,0.1586733176123034
2022,7,2022-11-05,2022-11-10,0.1217855604653796,0.210425079620106,0.2383188640557289,0.18233231588003
2022,8,2022-11-10,2022-11-15,0.1045147235345097,0.1700250834788094,0.2178138316693102,0.1962172054048946
2022,9,2022-11-15,2022-11-20,0.1074703327669627,0.1839558550025155,0.2159105233800153,0.18515151713538
2022,10,2022-11-20,2022-11-25,0.1057806975114124,0.1749812840956787,0.2146403518678022,0.1962416111154434
2022,11,2022-11-25,2022-11-30,0.0978003495565494,0.1803919728154681,0.1928690459272202,0.1658149361411522
2022,12,2022-11-30,2022-12-05,0.0818459865200394,0.1990491048122775,0.1778352568533486,0.1407281803892639
2022,13,2022-12-05,2022-12-10,0.0782786147190435,0.1916378830888079,0.1656986639837883,0.1276795314330585
2022,14,2022-12-10,2022-12-15,0.0625312995920361,0.216750866198581,0.1552104913612394,0.1064932137650453
2022,15,2022-12-15,2022-12-20,0.0648389712211558,0.2314835178628521,0.160757731126693,0.1074116094916203
2022,16,2022-12-20,2022-12-25,0.0685496285107451,0.213290755716747,0.1605556288239069,0.1138614515632413
2022,17,2022-12-25,2022-12-30,0.0636851354065959,0.2241171920307165,0.1579841112439662,0.1069524116283328
2022,18,2022-12-30,2023-01-04,0.0528905882743806,0.2626185032902779,0.1448304794713992,0.0891298795495349
2022,19,2023-01-04,2023-01-09,0.0437807149808716,0.3127811231497398,0.1318916650870182,0.0714214465279872
2022,20,2023-01-09,2023-01-14,0.0437807149808716,0.3127811231497398,0.1318916650870182,0.0714214465279872
2022,21,2023-01-14,2023-01-19,0.0409422053276055,0.2937534887177038,0.1289032278161054,0.0708481496074495
2022,22,2023-01-19,2023-01-24,0.0466192246341377,0.3318087575817759,0.1348801023579312,0.0719947434485249
2022,23,2023-01-24,2023-01-29,0.0419482647904851,0.335530980763748,0.1336430676718136,0.0708107635055597
2022,24,2023-01-29,2023-02-03,0.0382833644097121,0.3810306959917644,0.1371458728414043,0.0695893974607047
2022,25,2023-02-03,2023-02-08,0.0448687679381278,0.3691391451178482,0.1388925723033789,0.072989654953424
2022,26,2023-02-08,2023-02-13,0.0428606777841408,0.3864548272241481,0.1375077547974741,0.0722661552579001
2022,27,2023-02-13,2023-02-18,0.0497037147705336,0.3945779817800043,0.1446517417108014,0.0773848239510426
2022,28,2023-02-18,2023-02-23,0.0428088157581353,0.3860148066097549,0.1333982997136219,0.0707175256105754
2022,29,2023-02-23,2023-02-28,0.0405949541721769,0.3837558039006756,0.1307256498402166,0.069824244361953
2022,30,2023-02-28,2023-03-05,0.0388449383907563,0.3783377809608099,0.1231953215809312,0.0647253480461413
2022,31,2023-03-05,2023-03-10,0.0420916556990747,0.3873876597975302,0.1350204857225385,0.0709356860831648
2022,32,2023-03-10,2023-03-15,0.044816621171812,0.3449006637447466,0.1236129473938879,0.0671164382004986
2022,33,2023-03-15,2023-03-20,0.0419177384205476,0.3702087015010288,0.1272762515657858,0.0675924907766015
2022,34,2023-03-20,2023-03-25,0.0689948009624227,0.3360659097017264,0.1557472840677341,0.0936204097731805
2022,35,2023-03-25,2023-03-30,0.1002936453403591,0.2910962817331908,0.1938608319624341,0.1296713816918701
2022,36,2023-03-30,2023-04-04,0.13508372411748,0.2667613175360084,0.2441099881918943,0.1737532454984761
2022,37,2023-04-04,2023-04-09,0.1200761260163815,0.2759094055629026,0.2086084190867759,0.1428091050358782
2022,38,2023-04-09,2023-04-14,0.1359881888328838,0.2524787758919231,0.2493611294066387,0.1790886018392337
2022,39,2023-04-14,2023-04-19,0.1491868575031748,0.2718957711531996,0.2743604160822683,0.1993620296203166
2022,40,2023-04-19,2023-04-24,0.1740207880142345,0.295942811778471,0.3155667752536377,0.2337310910957251
2022,41,2023-04-24,2023-04-29,0.1530652781167643,0.2734391196078645,0.2797627735808483,0.2040605741850918
2022,42,2023-04-29,2023-05-04,0.1616038227587046,0.2839192914658353,0.294963595667953,0.2165465603580208
2023,0,2023-10-01,2023-10-06,0.0784682911750836,0.3538106334071704,0.1634717601769825,0.0890099143135313
2023,1,2023-10-06,2023-10-11,0.0685319594636328,0.3605691514476632,0.1559657497058817,0.0840116494967179
2023,2,2023-10-11,2023-10-16,0.0884046228865345,0.3470521153666776,0.1709777706480834,0.0940081791303449
2023,3,2023-10-16,2023-10-21,0.0996110460312294,0.3091802287640534,0.1909699665136966,0.1159490259195895
2023,4,2023-10-21,2023-10-26,0.1016902361993374,0.3062360672920021,0.1932914641989638,0.1174464654155624
2023,5,2023-10-26,2023-10-31,0.1203172024545209,0.266079287701954,0.2060081886756475,0.1327081347257079
2023,6,2023-10-31,2023-11-05,0.1191112091521217,0.2659645220119702,0.2286066593399069,0.1515707008296146
2023,7,2023-11-05,2023-11-10,0.1300371956025377,0.2255037137503811,0.2398428654420792,0.1814504893615647
2023,8,2023-11-10,2023-11-15,0.1203387860007539,0.227137494362397,0.2233516053817061,0.169244535835592
2023,9,2023-11-15,2023-11-20,0.1147081969635623,0.1932052164309122,0.2288931357296364,0.1900258136235118
2023,10,2023-11-20,2023-11-25,0.1175201258310273,0.1849347319167676,0.2134071777212604,0.1904675406375613
2023,11,2023-11-25,2023-11-30,0.0995624918088058,0.1975150341971356,0.1951595513349109,0.1576292513224905
2023,12,2023-11-30,2023-12-05,0.0948809990586981,0.1845802728402567,0.1680844170859852,0.1254255454649248
2023,13,2023-12-05,2023-12-10,0.0879949354847588,0.2114577253391381,0.1836850486550992,0.1433273127112194
2023,14,2023-12-10,2023-12-15,0.0827082017059828,0.2133972244586038,0.1817279774825734,0.1389000441752355
2023,15,2023-12-15,2023-12-20,0.068195027238579,0.2276799011255019,0.1559605961291851,0.1054528037597807
2023,16,2023-12-20,2023-12-25,0.0796327214764402,0.2175116169744146,0.1737912074222859,0.1292267202154118
2023,17,2023-12-25,2023-12-30,0.0754516144722809,0.2205385627920528,0.1688442868058792,0.1221764239675081
2023,18,2023-12-30,2024-01-04,0.068195027238579,0.2276799011255019,0.1559605961291851,0.1054528037597807
2023,19,2024-01-04,2024-01-09,,,,
2023,20,2024-01-09,2024-01-14,0.0417691598629044,0.2902872856212827,0.1281052959160197,0.0698853903221783
2023,21,2024-01-14,2024-01-19,0.0417691598629044,0.2902872856212827,0.1281052959160197,0.0698853903221783
2023,22,2024-01-19,2024-01-24,0.0417691598629044,0.2902872856212827,0.1281052959160197,0.0698853903221783
2023,23,2024-01-24,2024-01-29,0.0417691598629044,0.2902872856212827,0.1281052959160197,0.0698853903221783
2023,24,2024-01-29,2024-02-03,0.042321635375362,0.3262228215453127,0.13241781150028,0.0701115584451033
2023,25,2024-02-03,2024-02-08,0.0477275152924394,0.3537267301564961,0.1450218941186372,0.0774143069850859
2023,26,2024-02-08,2024-02-13,0.0428741108878197,0.3621583574693426,0.1367303270845403,0.0703377265680284
2023,27,2024-02-13,2024-02-18,0.0480899217603438,0.3869071362418204,0.1503494961907208,0.0799227264232419
2023,28,2024-02-18,2024-02-23,0.0585392751265942,0.408734547378863,0.1702300593553517,0.0920198040650511
2023,29,2024-02-23,2024-02-28,0.0471661548390847,0.3913759628869965,0.1480721486438105,0.0790032139144393
2023,30,2024-02-28,2024-03-04,0.0428563792666175,0.3898285038772558,0.1440881021322706,0.0774106486366463
2023,31,2024-03-04,2024-03-09,0.0443948540753074,0.4047824428225246,0.1412401060030795,0.0762446763880315
2023,32,2024-03-09,2024-03-14,0.0460663815146882,0.3695290986030697,0.1372023078728382,0.0754912103314942
2023,33,2024-03-14,2024-03-19,0.0444648349197304,0.3670207965109544,0.1300684370373499,0.0725420611004877
2023,34,2024-03-19,2024-03-24,0.0525494577970978,0.3164846512015442,0.133412586318653,0.0757674552008116
2023,35,2024-03-24,2024-03-29,0.0668041318367881,0.2926057711025978,0.1501501709110573,0.0925009917447961
2023,36,2024-03-29,2024-04-03,0.0657447315574382,0.2850474483904703,0.1493094390035449,0.0905718351030266
2023,37,2024-04-03,2024-04-08,0.0787399632823351,0.2405544726656525,0.1577555631842776,0.1037416411215443
2023,38,2024-04-08,2024-04-13,0.0925216716273394,0.2539214867443675,0.1802048290114615,0.1198819661981106
2023,39,2024-04-13,2024-04-18,0.1152071327346851,0.2313375066722485,0.2146453591090285,0.1509712431375335
2023,40,2024-04-18,2024-04-23,0.1120520101900166,0.2525385105526085,0.2134583614726372,0.1478732704143535
2023,41,2024-04-23,2024-04-28,0.1617392731157071,0.2843405761281656,0.3012276945857812,0.2168982312002258
2023,42,2024-04-28,2024-05-03,0.1384732029251961,0.2578390414002071,0.2579365268474048,0.1839347371688796
2024,0,2024-10-01,2024-10-06,0.0637788978528955,0.3987447847517177,0.17491916604187,0.0913152506357064
2024,1,2024-10-06,2024-10-11,0.0659117235536926,0.3456199441501004,0.1674311682840369,0.0903370055327539
2024,2,2024-10-11,2024-10-16,0.0822415863501539,0.3277793474347464,0.1862899571429402,0.1080836644066144
2024,3,2024-10-16,2024-10-21,0.0977012735393731,0.3017997504645356,0.1955067850642849,0.117880285566227
2024,4,2024-10-21,2024-10-26,0.1015744504546546,0.2649529103726323,0.2073027091815691,0.1328021158917706
2024,5,2024-10-26,2024-10-31,0.1124233013242339,0.2592287254800766,0.2248674079331762,0.1538165245637523
2024,6,2024-10-31,2024-11-05,0.1182484728885405,0.2438698882497871,0.2485393471273602,0.1744968688137478
2024,7,2024-11-05,2024-11-10,0.1173306439191875,0.2450383838185903,0.2346542822228066,0.1657952708962607
2024,8,2024-11-10,2024-11-15,0.1321690084143676,0.2262923528333515,0.2481207903594905,0.1900868279832638
2024,9,2024-11-15,2024-11-20,0.1095135500600978,0.204581701961274,0.221473204866009,0.1753448120455979
2024,10,2024-11-20,2024-11-25,0.1066019091172836,0.191485639865103,0.2124511574455587,0.1756274597895479
2024,11,2024-11-25,2024-11-30,0.1006847793852468,0.1695281239961757,0.2026620505954432,0.1812520003151185
2024,12,2024-11-30,2024-12-05,0.0869519395522365,0.1786364427657818,0.1865706313817425,0.1555435510702615
2024,13,2024-12-05,2024-12-10,0.0842289668670431,0.1978661811568253,0.1755905149820956,0.1374616821735827
2024,14,2024-12-10,2024-12-15,0.079298217769802,0.1954176089333029,0.1733319209911508,0.1342459800752441
2024,15,2024-12-15,2024-12-20,0.0834669573201566,0.2214506123809429,0.153737608115504,0.1068521806861328
2024,16,2024-12-20,2024-12-25,0.0707429403077739,0.2242981177079233,0.1616503638266375,0.1094146987211569
2024,17,2024-12-25,2024-12-30,0.0688507442518948,0.2338915894250548,0.1558405488781136,0.1054381844240776
2024,18,2024-12-30,2025-01-04,0.0653682530792591,0.2467162495889721,0.1500100915071013,0.0958355858736887
2024,19,2025-01-04,2025-01-09,0.0563189009588104,0.2593490681929867,0.1481463332028998,0.0903272884674668
2024,20,2025-01-09,2025-01-14,0.041894861609847,0.2944000186780501,0.1346423025791623,0.0712398782137767
2024,21,2025-01-14,2025-01-19,0.0457744765903905,0.3433472885817581,0.1382143302443093,0.0742243283646456
2024,22,2025-01-19,2025-01-24,0.045184488798688,0.3511533819003148,0.1380481027237301,0.0734670968136166
2024,23,2025-01-24,2025-01-29,0.0423723617881803,0.3569351322132928,0.1318687644615205,0.0690912250143741
2024,24,2025-01-29,2025-02-03,0.0530562063731444,0.3787067148539315,0.1481319236922452,0.0823418818657861
2024,25,2025-02-03,2025-02-08,0.0434145254235803,0.3745716618559851,0.1375494201619925,0.0711954021605296
2024,26,2025-02-08,2025-02-13,0.0453730065395549,0.3773340691932165,0.1422392999517553,0.0758588612185754
2024,27,2025-02-13,2025-02-18,0.0426489325733148,0.3991227678496565,0.1514070914912632,0.0808069358336119
2024,28,2025-02-18,2025-02-23,0.0416143372085479,0.3873213635508547,0.1363067895111704,0.0727922675737254
2024,29,2025-02-23,2025-02-28,0.0460786553445883,0.3941721259329198,0.1391791020207717,0.0786936167947014
2024,30,2025-02-28,2025-03-05,0.0385974547193521,0.3899591582504679,0.1321901584031248,0.0719095629100328
2024,31,2025-03-05,2025-03-10,0.0417964361179446,0.3856318662473093,0.1240804879883014,0.0672571693907273
2024,32,2025-03-10,2025-03-15,0.0612717979677421,0.4019747113842459,0.1490386702003974,0.0948007990444339
2024,33,2025-03-15,2025-03-20,0.0416169504200605,0.3233456289546,0.1243210952675896,0.070125911622938
2024,34,2025-03-20,2025-03-25,0.0567564958760689,0.3315327263625541,0.1357641514201129,0.0812591286369313
2024,35,2025-03-25,2025-03-30,0.0534081228100066,0.2842616222865904,0.1259615863272843,0.0732750623399931
2024,36,2025-03-30,2025-04-04,0.0856891720645909,0.2624498029400254,0.1554189173169922,0.1008367007865642
2024,37,2025-04-04,2025-04-09,0.1247951902327421,0.2847587925932743,0.2101144115243673,0.1379846702310266
2024,38,2025-04-09,2025-04-14,0.124383927760772,0.2469945749904052,0.2030145415677264,0.1339584330623494
2024,39,2025-04-14,2025-04-19,0.1609288120298948,0.2835211082122882,0.266128993879567,0.1771647885663943
2024,40,2025-04-19,2025-04-24,0.1995659164984462,0.3465668545370624,0.3000480185302666,0.204688366399832
2024,41,2025-04-24,2025-04-29,0.1886030321627981,0.3141048235866853,0.3363641183400327,0.2449353032027942
2024,42,2025-04-29,2025-05-04,0.1830325868970463,0.3147309287786786,0.3008470435832888,0.2089294860563401
2025,0,2025-10-01,2025-10-06,0.063816470751135,0.314597111027982,0.1774125432650087,0.0976779396483001
2025,1,2025-10-06,2025-10-11,0.0758489762925779,0.2843936347660653,0.1852765333886295,0.1083530957218811
2025,2,2025-10-11,2025-10-16,0.0772835170466102,0.2890170811949086,0.1795468852990581,0.102965136047755
2025,3,2025-10-16,2025-10-21,0.0864469410799885,0.2495667120753054,0.1988701716018219,0.1244162114695882
2025,4,2025-10-21,2025-10-26,0.1083475796748584,0.238752917739639,0.2221734795542786,0.1572232625984981
2025,5,2025-10-26,2025-10-31,0.1166844728558405,0.2377762741462671,0.2474069899894043,0.1720035629559573
2025,6,2025-10-31,2025-11-05,0.1448793230359368,0.2139120430723389,0.2447645843985327,0.1974635263137512
2025,7,2025-11-05,2025-11-10,0.1164436443559163,0.2034924782093753,0.2402787664825765,0.189267876205439
2025,8,2025-11-10,2025-11-15,0.1163870776000005,0.1811516892226548,0.2254675008413997,0.2060549242261547
2025,9,2025-11-15,2025-11-20,0.1167531117663003,0.1937532474265508,0.222452198914842,0.1877168924034885
2025,10,2025-11-20,2025-11-25,0.1156601041161483,0.1886582930578788,0.2141028749552324,0.1872301396670019
2025,11,2025-11-25,2025-11-30,0.0903954097234997,0.1815517335705066,0.1876472678964689,0.158567995605096
2025,12,2025-11-30,2025-12-05,0.0874054670498005,0.2002119530918379,0.1841750085154892,0.146029215699493
2025,13,2025-12-05,2025-12-10,0.0787165316221927,0.2001388448257488,0.1732706849818879,0.129592497272229
2025,14,2025-12-10,2025-12-15,0.0752676228979768,0.2248112049614252,0.1721203795246174,0.1243418139192654
2025,15,2025-12-15,2025-12-20,0.0648498227373616,0.2304989409132173,0.1616792062283677,0.1087262302536452
2025,16,2025-12-20,2025-12-25,0.0671087275088535,0.2870553005362282,0.1658843589917451,0.1004805325460914
2025,17,2025-12-25,2025-12-30,0.0659792751231075,0.2587771207247227,0.1637817826100564,0.1046033813998683
2025,18,2025-12-30,2026-01-04,0.0659792751231075,0.2587771207247227,0.1637817826100564,0.1046033813998683
2025,19,2026-01-04,2026-01-09,0.0671087275088535,0.2870553005362282,0.1658843589917451,0.1004805325460914
2025,20,2026-01-09,2026-01-14,0.0410505636509208,0.3443084627756059,0.1317816950977015,0.065412180935103
2025,21,2026-01-14,2026-01-19,0.0412782051370459,0.3506910482463062,0.1291867678061206,0.0642126112315623
2025,22,2026-01-19,2026-01-24,0.0412782051370459,0.3506910482463062,0.1291867678061206,0.0642126112315623
2025,23,2026-01-24,2026-01-29,0.0410505636509208,0.3443084627756059,0.1317816950977015,0.065412180935103
2025,24,2026-01-29,2026-02-03,0.0415058466231711,0.3570736337170066,0.1265918405145398,0.0630130415280216
2025,25,2026-02-03,2026-02-08,0.0423645174316955,0.361925550810542,0.1343782785930862,0.0696862896011522
2025,26,2026-02-08,2026-02-13,0.0394887778093993,0.3659825847703969,0.1417033742665151,0.0747458735724821
2025,27,2026-02-13,2026-02-18,0.047412881643291,0.3803375219791585,0.1374362044935884,0.0755740623690023
2025,28,2026-02-18,2026-02-23,0.0447260701004475,0.365251540387427,0.1343230538112101,0.0748143172144351
2025,29,2026-02-23,2026-02-28,0.0449302169963668,0.3755093810850869,0.1307083157716728,0.0724235017060366
2025,30,2026-02-28,2026-03-05,0.0453562022884079,0.3483491812936458,0.1263082067088081,0.0731841298765321
2025,31,2026-03-05,2026-03-10,0.0464422717647727,0.3560790328088471,0.1354591678154661,0.0781440185481228
2025,32,2026-03-10,2026-03-15,0.0554439780703115,0.2955676576005523,0.1269607397875694,0.0752689070082366
2025,33,2026-03-15,2026-03-20,0.0512113688461585,0.3236445529658416,0.132590299355417,0.0774146233808754
2025,34,2026-03-20,2026-03-25,0.0576030232611421,0.2945823401603212,0.1416330831098247,0.0830614380906103
2025,35,2026-03-25,2026-03-30,0.0565235006657268,0.2950749988804367,0.134296911448697,0.0791651725494234
2025,36,2026-03-30,2026-04-04,0.0576030232611421,0.2945823401603212,0.1416330831098247,0.0830614380906103
2025,37,2026-04-04,2026-04-09,0.0576030232611421,0.2945823401603212,0.1416330831098247,0.0830614380906103
2025,38,2026-04-09,2026-04-14,,,,
2025,39,2026-04-14,2026-04-19,,,,
2025,40,2026-04-19,2026-04-24,,,,
2025,41,2026-04-24,2026-04-29,,,,
2025,42,2026-04-29,2026-05-04,,,,
