state,district,year,time_step,start_date,end_date,B7,B8,B8A,B12,image_count,mean_cloud_cover,quality_flag
Uttar_Pradesh,Baghpat,2021,0,2021-10-01,2021-10-06,0.3083895454051621,0.2759618117760295,0.3327273877787878,0.0937292737370139,1,29.0375,valid
Uttar_Pradesh,Baghpat,2021,1,2021-10-06,2021-10-11,0.2927693370994035,0.2674854815272081,0.3153076028931078,0.1028941748406059,3,9.596233333333332,valid
Uttar_Pradesh,Baghpat,2021,2,2021-10-11,2021-10-16,0.2593391596677361,0.2453086705955289,0.2837933283411086,0.0951913270978312,3,0.0,valid
Uttar_Pradesh,Baghpat,2021,3,2021-10-16,2021-10-21,0.2575195116094823,0.2387926941100214,0.278865411699535,0.0968956940429935,3,0.0,valid
Uttar_Pradesh,Baghpat,2021,4,2021-10-21,2021-10-26,0.248956789698257,0.24563375910253,0.2701769525932808,0.0996430438298074,3,0.0,valid
Uttar_Pradesh,Baghpat,2021,5,2021-10-26,2021-10-31,0.2467501027536731,0.2388214783068317,0.268129844306293,0.1087453936316342,3,0.0,valid
Uttar_Pradesh,Baghpat,2021,6,2021-10-31,2021-11-05,0.2360064733429637,0.2297234017912892,0.2563863225622353,0.1197232695645379,3,0.0,valid
Uttar_Pradesh,Baghpat,2021,7,2021-11-05,2021-11-10,0.2716627393313927,0.2572948561695511,0.2811459448171916,0.1176555517547074,2,0.38135,valid
Uttar_Pradesh,Baghpat,2021,8,2021-11-10,2021-11-15,0.2210334638573761,0.2167350703462704,0.2384629723492875,0.1185803656272156,3,2.9919999999999995,valid
Uttar_Pradesh,Baghpat,2021,9,2021-11-15,2021-11-20,0.218117159721434,0.2108889930431743,0.2324508346380555,0.1170398189351364,3,0.0,valid
Uttar_Pradesh,Baghpat,2021,10,2021-11-20,2021-11-25,0.1782109354076823,0.1678908737164945,0.1891197870785483,0.0970823248012824,1,3.9658,valid
Uttar_Pradesh,Baghpat,2021,11,2021-11-25,2021-11-30,0.2171703317371607,0.2068781124534401,0.2313197990527016,0.1164507025049588,3,0.0,valid
Uttar_Pradesh,Baghpat,2021,12,2021-11-30,2021-12-05,0.20712079529144603,0.19849911932440487,0.22101752725286528,0.1094873238063066,0,,missing_bands
Uttar_Pradesh,Baghpat,2021,13,2021-12-05,2021-12-10,0.2076073766409165,0.1951543654232663,0.2232962502904418,0.1069414105881852,2,0.7726,valid
Uttar_Pradesh,Baghpat,2021,14,2021-12-10,2021-12-15,0.2072662846895832,0.2006029020691448,0.2225969857358946,0.1091655594426764,3,0.0,valid
Uttar_Pradesh,Baghpat,2021,15,2021-12-15,2021-12-20,0.2143526835518996,0.2095794692409092,0.2273215067215498,0.1102441265656005,3,0.0,valid
Uttar_Pradesh,Baghpat,2021,16,2021-12-20,2021-12-25,0.2074186752559922,0.2053977100036701,0.2219405902195927,0.1089904164960349,3,0.1752666666666666,valid
Uttar_Pradesh,Baghpat,2021,17,2021-12-25,2021-12-30,0.2231272716390453,0.2095259508211178,0.2326441927276796,0.1047012960891611,3,0.8882666666666666,valid
Uttar_Pradesh,Baghpat,2021,18,2021-12-30,2022-01-04,0.21496621014897901,0.20816771002189904,0.22730209655627406,0.1079786130502655,0,,missing_bands
Uttar_Pradesh,Baghpat,2021,19,2022-01-04,2022-01-09,0.21527297344751875,0.20746183041239397,0.22729239147363617,0.10684585629259799,0,,missing_bands
Uttar_Pradesh,Baghpat,2021,20,2022-01-09,2022-01-14,0.2231272716390453,0.2095259508211178,0.2326441927276796,0.1047012960891611,0,,missing_bands
Uttar_Pradesh,Baghpat,2021,21,2022-01-14,2022-01-19,0.2277086003571286,0.221589790149742,0.2419720116348375,0.0914654429702921,0,,missing_bands
Uttar_Pradesh,Baghpat,2021,22,2022-01-19,2022-01-24,0.2277086003571286,0.221589790149742,0.2419720116348375,0.0914654429702921,0,,missing_bands
Uttar_Pradesh,Baghpat,2021,23,2022-01-24,2022-01-29,0.2388632547304014,0.2283427254063451,0.2529265831851628,0.0976154214990273,0,,missing_bands
Uttar_Pradesh,Baghpat,2021,24,2022-01-29,2022-02-03,0.2277086003571286,0.221589790149742,0.2419720116348375,0.0914654429702921,3,9.9279066758239,valid
Uttar_Pradesh,Baghpat,2021,25,2022-02-03,2022-02-08,0.24211087157552852,0.23368504005204904,0.25702349057900287,0.09643934963314149,0,,missing_bands
Uttar_Pradesh,Baghpat,2021,26,2022-02-08,2022-02-13,0.2500179091036742,0.2350956606629482,0.2638811547354882,0.1037654000277625,3,1.594105527188033,valid
Uttar_Pradesh,Baghpat,2021,27,2022-02-13,2022-02-18,0.2429147934038554,0.2352086334941787,0.2575483440516469,0.0953646772097776,3,0.0,valid
Uttar_Pradesh,Baghpat,2021,28,2022-02-18,2022-02-23,0.2478021834374558,0.2428460759013274,0.2646924518940391,0.0951618783247338,3,0.0,valid
Uttar_Pradesh,Baghpat,2021,29,2022-02-23,2022-02-28,0.2609669420027963,0.2527129267678363,0.2779593314764387,0.10006658137754042,0,,missing_bands
Uttar_Pradesh,Baghpat,2021,30,2022-02-28,2022-03-05,0.2667597100054414,0.2637043590830388,0.2859829504152446,0.1003507658215611,3,0.0313535787870644,valid
Uttar_Pradesh,Baghpat,2021,31,2022-03-05,2022-03-10,0.2706806250183909,0.2616432791993259,0.2884597330358047,0.102700991729268,3,0.0057730399036499,valid
Uttar_Pradesh,Baghpat,2021,32,2022-03-10,2022-03-15,0.2876264310479605,0.2777795522661989,0.3071913547264087,0.1030557751521394,2,21.07793603869925,valid
Uttar_Pradesh,Baghpat,2021,33,2022-03-15,2022-03-20,0.2600156817868647,0.2449045108772301,0.2796789236576302,0.1056547875664953,3,0.0,valid
Uttar_Pradesh,Baghpat,2021,34,2022-03-20,2022-03-25,0.2378069842075184,0.2275889745022312,0.2580355865391261,0.110723437402857,3,2.8804980739944472,valid
Uttar_Pradesh,Baghpat,2021,35,2022-03-25,2022-03-30,0.2336879778122412,0.22678615420181,0.2537230707061454,0.1232220456082305,3,0.0,valid
Uttar_Pradesh,Baghpat,2021,36,2022-03-30,2022-04-04,0.2235790257515851,0.2211062174044629,0.2454955242161181,0.1378091492936431,3,0.0,valid
Uttar_Pradesh,Baghpat,2021,37,2022-04-04,2022-04-09,0.2157694731373386,0.2151038770473665,0.2352720649430662,0.1543006746517593,3,0.0,valid
Uttar_Pradesh,Baghpat,2021,38,2022-04-09,2022-04-14,0.2099960027821735,0.20762041616736,0.2314677200799105,0.1661041131782379,3,0.0,valid
Uttar_Pradesh,Baghpat,2021,39,2022-04-14,2022-04-19,0.2186270648968171,0.211161966648988,0.2392562971933634,0.1795367556537108,3,3.224232832671424,valid
Uttar_Pradesh,Baghpat,2021,40,2022-04-19,2022-04-24,0.2287336807697867,0.22062742739022,0.2505618379344881,0.1935131022007365,3,0.0056535976987468,valid
Uttar_Pradesh,Baghpat,2021,41,2022-04-24,2022-04-29,0.2380447027397538,0.2312385204094881,0.2587898829413767,0.2061208771346706,3,0.0586461226074233,valid
Uttar_Pradesh,Baghpat,2021,42,2022-04-29,2022-05-04,0.2332044970310384,0.2243747544317269,0.2525670340233913,0.2006332210364517,3,0.0,valid
